"level0","level1","level2","Cigarette smoking behaviour","count"
"Male","15–19 Years","Hauraki-Waikato","Regular Smoker",897
"Female","15–19 Years","Hauraki-Waikato","Regular Smoker",942
"Male","20–24 Years","Hauraki-Waikato","Regular Smoker",1308
"Female","20–24 Years","Hauraki-Waikato","Regular Smoker",1566
"Male","25–29 Years","Hauraki-Waikato","Regular Smoker",1050
"Female","25–29 Years","Hauraki-Waikato","Regular Smoker",1329
"Male","30–34 Years","Hauraki-Waikato","Regular Smoker",837
"Female","30–34 Years","Hauraki-Waikato","Regular Smoker",1122
"Male","35–39 Years","Hauraki-Waikato","Regular Smoker",807
"Female","35–39 Years","Hauraki-Waikato","Regular Smoker",1113
"Male","40–44 Years","Hauraki-Waikato","Regular Smoker",825
"Female","40–44 Years","Hauraki-Waikato","Regular Smoker",1230
"Male","45–49 Years","Hauraki-Waikato","Regular Smoker",738
"Female","45–49 Years","Hauraki-Waikato","Regular Smoker",1083
"Male","50–54 Years","Hauraki-Waikato","Regular Smoker",642
"Female","50–54 Years","Hauraki-Waikato","Regular Smoker",936
"Male","55–59 Years","Hauraki-Waikato","Regular Smoker",468
"Female","55–59 Years","Hauraki-Waikato","Regular Smoker",615
"Male","60–64 Years","Hauraki-Waikato","Regular Smoker",258
"Female","60–64 Years","Hauraki-Waikato","Regular Smoker",345
"Male","65–69 Years","Hauraki-Waikato","Regular Smoker",153
"Female","65–69 Years","Hauraki-Waikato","Regular Smoker",195
"Male","70–74 Years","Hauraki-Waikato","Regular Smoker",60
"Female","70–74 Years","Hauraki-Waikato","Regular Smoker",96
"Male","75–79 Years","Hauraki-Waikato","Regular Smoker",15
"Female","75–79 Years","Hauraki-Waikato","Regular Smoker",30
"Male","80–84 Years","Hauraki-Waikato","Regular Smoker",9
"Female","80–84 Years","Hauraki-Waikato","Regular Smoker",9
"Male","85 Years And Over","Hauraki-Waikato","Regular Smoker",3
"Female","85 Years And Over","Hauraki-Waikato","Regular Smoker",6
"Male","15–19 Years","Ikaroa-Rāwhiti","Regular Smoker",876
"Female","15–19 Years","Ikaroa-Rāwhiti","Regular Smoker",945
"Male","20–24 Years","Ikaroa-Rāwhiti","Regular Smoker",1158
"Female","20–24 Years","Ikaroa-Rāwhiti","Regular Smoker",1572
"Male","25–29 Years","Ikaroa-Rāwhiti","Regular Smoker",927
"Female","25–29 Years","Ikaroa-Rāwhiti","Regular Smoker",1335
"Male","30–34 Years","Ikaroa-Rāwhiti","Regular Smoker",828
"Female","30–34 Years","Ikaroa-Rāwhiti","Regular Smoker",1149
"Male","35–39 Years","Ikaroa-Rāwhiti","Regular Smoker",759
"Female","35–39 Years","Ikaroa-Rāwhiti","Regular Smoker",1080
"Male","40–44 Years","Ikaroa-Rāwhiti","Regular Smoker",780
"Female","40–44 Years","Ikaroa-Rāwhiti","Regular Smoker",1206
"Male","45–49 Years","Ikaroa-Rāwhiti","Regular Smoker",747
"Female","45–49 Years","Ikaroa-Rāwhiti","Regular Smoker",1074
"Male","50–54 Years","Ikaroa-Rāwhiti","Regular Smoker",633
"Female","50–54 Years","Ikaroa-Rāwhiti","Regular Smoker",984
"Male","55–59 Years","Ikaroa-Rāwhiti","Regular Smoker",474
"Female","55–59 Years","Ikaroa-Rāwhiti","Regular Smoker",645
"Male","60–64 Years","Ikaroa-Rāwhiti","Regular Smoker",273
"Female","60–64 Years","Ikaroa-Rāwhiti","Regular Smoker",378
"Male","65–69 Years","Ikaroa-Rāwhiti","Regular Smoker",138
"Female","65–69 Years","Ikaroa-Rāwhiti","Regular Smoker",222
"Male","70–74 Years","Ikaroa-Rāwhiti","Regular Smoker",72
"Female","70–74 Years","Ikaroa-Rāwhiti","Regular Smoker",114
"Male","75–79 Years","Ikaroa-Rāwhiti","Regular Smoker",21
"Female","75–79 Years","Ikaroa-Rāwhiti","Regular Smoker",45
"Male","80–84 Years","Ikaroa-Rāwhiti","Regular Smoker",9
"Female","80–84 Years","Ikaroa-Rāwhiti","Regular Smoker",12
"Male","85 Years And Over","Ikaroa-Rāwhiti","Regular Smoker",6
"Female","85 Years And Over","Ikaroa-Rāwhiti","Regular Smoker",12
"Male","15–19 Years","Tāmaki Makaurau","Regular Smoker",732
"Female","15–19 Years","Tāmaki Makaurau","Regular Smoker",843
"Male","20–24 Years","Tāmaki Makaurau","Regular Smoker",1185
"Female","20–24 Years","Tāmaki Makaurau","Regular Smoker",1551
"Male","25–29 Years","Tāmaki Makaurau","Regular Smoker",891
"Female","25–29 Years","Tāmaki Makaurau","Regular Smoker",1272
"Male","30–34 Years","Tāmaki Makaurau","Regular Smoker",762
"Female","30–34 Years","Tāmaki Makaurau","Regular Smoker",1020
"Male","35–39 Years","Tāmaki Makaurau","Regular Smoker",702
"Female","35–39 Years","Tāmaki Makaurau","Regular Smoker",960
"Male","40–44 Years","Tāmaki Makaurau","Regular Smoker",789
"Female","40–44 Years","Tāmaki Makaurau","Regular Smoker",1101
"Male","45–49 Years","Tāmaki Makaurau","Regular Smoker",714
"Female","45–49 Years","Tāmaki Makaurau","Regular Smoker",957
"Male","50–54 Years","Tāmaki Makaurau","Regular Smoker",612
"Female","50–54 Years","Tāmaki Makaurau","Regular Smoker",864
"Male","55–59 Years","Tāmaki Makaurau","Regular Smoker",399
"Female","55–59 Years","Tāmaki Makaurau","Regular Smoker",567
"Male","60–64 Years","Tāmaki Makaurau","Regular Smoker",258
"Female","60–64 Years","Tāmaki Makaurau","Regular Smoker",345
"Male","65–69 Years","Tāmaki Makaurau","Regular Smoker",162
"Female","65–69 Years","Tāmaki Makaurau","Regular Smoker",177
"Male","70–74 Years","Tāmaki Makaurau","Regular Smoker",57
"Female","70–74 Years","Tāmaki Makaurau","Regular Smoker",99
"Male","75–79 Years","Tāmaki Makaurau","Regular Smoker",24
"Female","75–79 Years","Tāmaki Makaurau","Regular Smoker",39
"Male","80–84 Years","Tāmaki Makaurau","Regular Smoker",3
"Female","80–84 Years","Tāmaki Makaurau","Regular Smoker",21
"Male","85 Years And Over","Tāmaki Makaurau","Regular Smoker",3
"Female","85 Years And Over","Tāmaki Makaurau","Regular Smoker",9
"Male","15–19 Years","Te Tai Hauāuru","Regular Smoker",954
"Female","15–19 Years","Te Tai Hauāuru","Regular Smoker",921
"Male","20–24 Years","Te Tai Hauāuru","Regular Smoker",1314
"Female","20–24 Years","Te Tai Hauāuru","Regular Smoker",1659
"Male","25–29 Years","Te Tai Hauāuru","Regular Smoker",1023
"Female","25–29 Years","Te Tai Hauāuru","Regular Smoker",1404
"Male","30–34 Years","Te Tai Hauāuru","Regular Smoker",858
"Female","30–34 Years","Te Tai Hauāuru","Regular Smoker",1170
"Male","35–39 Years","Te Tai Hauāuru","Regular Smoker",789
"Female","35–39 Years","Te Tai Hauāuru","Regular Smoker",1185
"Male","40–44 Years","Te Tai Hauāuru","Regular Smoker",912
"Female","40–44 Years","Te Tai Hauāuru","Regular Smoker",1305
"Male","45–49 Years","Te Tai Hauāuru","Regular Smoker",813
"Female","45–49 Years","Te Tai Hauāuru","Regular Smoker",1203
"Male","50–54 Years","Te Tai Hauāuru","Regular Smoker",750
"Female","50–54 Years","Te Tai Hauāuru","Regular Smoker",1074
"Male","55–59 Years","Te Tai Hauāuru","Regular Smoker",501
"Female","55–59 Years","Te Tai Hauāuru","Regular Smoker",714
"Male","60–64 Years","Te Tai Hauāuru","Regular Smoker",288
"Female","60–64 Years","Te Tai Hauāuru","Regular Smoker",426
"Male","65–69 Years","Te Tai Hauāuru","Regular Smoker",171
"Female","65–69 Years","Te Tai Hauāuru","Regular Smoker",228
"Male","70–74 Years","Te Tai Hauāuru","Regular Smoker",72
"Female","70–74 Years","Te Tai Hauāuru","Regular Smoker",114
"Male","75–79 Years","Te Tai Hauāuru","Regular Smoker",30
"Female","75–79 Years","Te Tai Hauāuru","Regular Smoker",57
"Male","80–84 Years","Te Tai Hauāuru","Regular Smoker",6
"Female","80–84 Years","Te Tai Hauāuru","Regular Smoker",21
"Male","85 Years And Over","Te Tai Hauāuru","Regular Smoker",6
"Female","85 Years And Over","Te Tai Hauāuru","Regular Smoker",9
"Male","15–19 Years","Te Tai Tokerau","Regular Smoker",732
"Female","15–19 Years","Te Tai Tokerau","Regular Smoker",798
"Male","20–24 Years","Te Tai Tokerau","Regular Smoker",1101
"Female","20–24 Years","Te Tai Tokerau","Regular Smoker",1278
"Male","25–29 Years","Te Tai Tokerau","Regular Smoker",864
"Female","25–29 Years","Te Tai Tokerau","Regular Smoker",1098
"Male","30–34 Years","Te Tai Tokerau","Regular Smoker",708
"Female","30–34 Years","Te Tai Tokerau","Regular Smoker",939
"Male","35–39 Years","Te Tai Tokerau","Regular Smoker",759
"Female","35–39 Years","Te Tai Tokerau","Regular Smoker",945
"Male","40–44 Years","Te Tai Tokerau","Regular Smoker",852
"Female","40–44 Years","Te Tai Tokerau","Regular Smoker",1113
"Male","45–49 Years","Te Tai Tokerau","Regular Smoker",801
"Female","45–49 Years","Te Tai Tokerau","Regular Smoker",1053
"Male","50–54 Years","Te Tai Tokerau","Regular Smoker",738
"Female","50–54 Years","Te Tai Tokerau","Regular Smoker",1026
"Male","55–59 Years","Te Tai Tokerau","Regular Smoker",450
"Female","55–59 Years","Te Tai Tokerau","Regular Smoker",654
"Male","60–64 Years","Te Tai Tokerau","Regular Smoker",297
"Female","60–64 Years","Te Tai Tokerau","Regular Smoker",405
"Male","65–69 Years","Te Tai Tokerau","Regular Smoker",153
"Female","65–69 Years","Te Tai Tokerau","Regular Smoker",234
"Male","70–74 Years","Te Tai Tokerau","Regular Smoker",90
"Female","70–74 Years","Te Tai Tokerau","Regular Smoker",120
"Male","75–79 Years","Te Tai Tokerau","Regular Smoker",39
"Female","75–79 Years","Te Tai Tokerau","Regular Smoker",63
"Male","80–84 Years","Te Tai Tokerau","Regular Smoker",15
"Female","80–84 Years","Te Tai Tokerau","Regular Smoker",30
"Male","85 Years And Over","Te Tai Tokerau","Regular Smoker",3
"Female","85 Years And Over","Te Tai Tokerau","Regular Smoker",15
"Male","15–19 Years","Te Tai Tonga","Regular Smoker",1101
"Female","15–19 Years","Te Tai Tonga","Regular Smoker",1083
"Male","20–24 Years","Te Tai Tonga","Regular Smoker",1698
"Female","20–24 Years","Te Tai Tonga","Regular Smoker",1857
"Male","25–29 Years","Te Tai Tonga","Regular Smoker",1407
"Female","25–29 Years","Te Tai Tonga","Regular Smoker",1440
"Male","30–34 Years","Te Tai Tonga","Regular Smoker",1116
"Female","30–34 Years","Te Tai Tonga","Regular Smoker",1320
"Male","35–39 Years","Te Tai Tonga","Regular Smoker",1071
"Female","35–39 Years","Te Tai Tonga","Regular Smoker",1185
"Male","40–44 Years","Te Tai Tonga","Regular Smoker",1071
"Female","40–44 Years","Te Tai Tonga","Regular Smoker",1362
"Male","45–49 Years","Te Tai Tonga","Regular Smoker",891
"Female","45–49 Years","Te Tai Tonga","Regular Smoker",1110
"Male","50–54 Years","Te Tai Tonga","Regular Smoker",774
"Female","50–54 Years","Te Tai Tonga","Regular Smoker",1074
"Male","55–59 Years","Te Tai Tonga","Regular Smoker",519
"Female","55–59 Years","Te Tai Tonga","Regular Smoker",612
"Male","60–64 Years","Te Tai Tonga","Regular Smoker",327
"Female","60–64 Years","Te Tai Tonga","Regular Smoker",375
"Male","65–69 Years","Te Tai Tonga","Regular Smoker",174
"Female","65–69 Years","Te Tai Tonga","Regular Smoker",213
"Male","70–74 Years","Te Tai Tonga","Regular Smoker",93
"Female","70–74 Years","Te Tai Tonga","Regular Smoker",105
"Male","75–79 Years","Te Tai Tonga","Regular Smoker",27
"Female","75–79 Years","Te Tai Tonga","Regular Smoker",39
"Male","80–84 Years","Te Tai Tonga","Regular Smoker",12
"Female","80–84 Years","Te Tai Tonga","Regular Smoker",21
"Male","85 Years And Over","Te Tai Tonga","Regular Smoker",3
"Female","85 Years And Over","Te Tai Tonga","Regular Smoker",3
"Male","15–19 Years","Waiariki","Regular Smoker",777
"Female","15–19 Years","Waiariki","Regular Smoker",837
"Male","20–24 Years","Waiariki","Regular Smoker",1032
"Female","20–24 Years","Waiariki","Regular Smoker",1326
"Male","25–29 Years","Waiariki","Regular Smoker",903
"Female","25–29 Years","Waiariki","Regular Smoker",1179
"Male","30–34 Years","Waiariki","Regular Smoker",693
"Female","30–34 Years","Waiariki","Regular Smoker",1053
"Male","35–39 Years","Waiariki","Regular Smoker",738
"Female","35–39 Years","Waiariki","Regular Smoker",1065
"Male","40–44 Years","Waiariki","Regular Smoker",828
"Female","40–44 Years","Waiariki","Regular Smoker",1092
"Male","45–49 Years","Waiariki","Regular Smoker",690
"Female","45–49 Years","Waiariki","Regular Smoker",1020
"Male","50–54 Years","Waiariki","Regular Smoker",696
"Female","50–54 Years","Waiariki","Regular Smoker",945
"Male","55–59 Years","Waiariki","Regular Smoker",429
"Female","55–59 Years","Waiariki","Regular Smoker",651
"Male","60–64 Years","Waiariki","Regular Smoker",255
"Female","60–64 Years","Waiariki","Regular Smoker",396
"Male","65–69 Years","Waiariki","Regular Smoker",156
"Female","65–69 Years","Waiariki","Regular Smoker",207
"Male","70–74 Years","Waiariki","Regular Smoker",72
"Female","70–74 Years","Waiariki","Regular Smoker",111
"Male","75–79 Years","Waiariki","Regular Smoker",27
"Female","75–79 Years","Waiariki","Regular Smoker",63
"Male","80–84 Years","Waiariki","Regular Smoker",9
"Female","80–84 Years","Waiariki","Regular Smoker",27
"Male","85 Years And Over","Waiariki","Regular Smoker",9
"Female","85 Years And Over","Waiariki","Regular Smoker",9
"Male","15–19 Years","Area Outside Māori Electorate","Regular Smoker",NA
"Female","15–19 Years","Area Outside Māori Electorate","Regular Smoker",NA
"Male","20–24 Years","Area Outside Māori Electorate","Regular Smoker",NA
"Female","20–24 Years","Area Outside Māori Electorate","Regular Smoker",NA
"Male","25–29 Years","Area Outside Māori Electorate","Regular Smoker",NA
"Female","25–29 Years","Area Outside Māori Electorate","Regular Smoker",NA
"Male","30–34 Years","Area Outside Māori Electorate","Regular Smoker",NA
"Female","30–34 Years","Area Outside Māori Electorate","Regular Smoker",NA
"Male","35–39 Years","Area Outside Māori Electorate","Regular Smoker",NA
"Female","35–39 Years","Area Outside Māori Electorate","Regular Smoker",NA
"Male","40–44 Years","Area Outside Māori Electorate","Regular Smoker",NA
"Female","40–44 Years","Area Outside Māori Electorate","Regular Smoker",NA
"Male","45–49 Years","Area Outside Māori Electorate","Regular Smoker",NA
"Female","45–49 Years","Area Outside Māori Electorate","Regular Smoker",NA
"Male","50–54 Years","Area Outside Māori Electorate","Regular Smoker",NA
"Female","50–54 Years","Area Outside Māori Electorate","Regular Smoker",NA
"Male","55–59 Years","Area Outside Māori Electorate","Regular Smoker",NA
"Female","55–59 Years","Area Outside Māori Electorate","Regular Smoker",NA
"Male","60–64 Years","Area Outside Māori Electorate","Regular Smoker",NA
"Female","60–64 Years","Area Outside Māori Electorate","Regular Smoker",NA
"Male","65–69 Years","Area Outside Māori Electorate","Regular Smoker",NA
"Female","65–69 Years","Area Outside Māori Electorate","Regular Smoker",NA
"Male","70–74 Years","Area Outside Māori Electorate","Regular Smoker",NA
"Female","70–74 Years","Area Outside Māori Electorate","Regular Smoker",NA
"Male","75–79 Years","Area Outside Māori Electorate","Regular Smoker",NA
"Female","75–79 Years","Area Outside Māori Electorate","Regular Smoker",NA
"Male","80–84 Years","Area Outside Māori Electorate","Regular Smoker",NA
"Female","80–84 Years","Area Outside Māori Electorate","Regular Smoker",NA
"Male","85 Years And Over","Area Outside Māori Electorate","Regular Smoker",NA
"Female","85 Years And Over","Area Outside Māori Electorate","Regular Smoker",NA
"Male","15–19 Years","Hauraki-Waikato","Ex-Smoker",138
"Female","15–19 Years","Hauraki-Waikato","Ex-Smoker",237
"Male","20–24 Years","Hauraki-Waikato","Ex-Smoker",381
"Female","20–24 Years","Hauraki-Waikato","Ex-Smoker",612
"Male","25–29 Years","Hauraki-Waikato","Ex-Smoker",390
"Female","25–29 Years","Hauraki-Waikato","Ex-Smoker",762
"Male","30–34 Years","Hauraki-Waikato","Ex-Smoker",447
"Female","30–34 Years","Hauraki-Waikato","Ex-Smoker",768
"Male","35–39 Years","Hauraki-Waikato","Ex-Smoker",489
"Female","35–39 Years","Hauraki-Waikato","Ex-Smoker",768
"Male","40–44 Years","Hauraki-Waikato","Ex-Smoker",549
"Female","40–44 Years","Hauraki-Waikato","Ex-Smoker",855
"Male","45–49 Years","Hauraki-Waikato","Ex-Smoker",570
"Female","45–49 Years","Hauraki-Waikato","Ex-Smoker",801
"Male","50–54 Years","Hauraki-Waikato","Ex-Smoker",735
"Female","50–54 Years","Hauraki-Waikato","Ex-Smoker",789
"Male","55–59 Years","Hauraki-Waikato","Ex-Smoker",594
"Female","55–59 Years","Hauraki-Waikato","Ex-Smoker",684
"Male","60–64 Years","Hauraki-Waikato","Ex-Smoker",495
"Female","60–64 Years","Hauraki-Waikato","Ex-Smoker",504
"Male","65–69 Years","Hauraki-Waikato","Ex-Smoker",393
"Female","65–69 Years","Hauraki-Waikato","Ex-Smoker",378
"Male","70–74 Years","Hauraki-Waikato","Ex-Smoker",255
"Female","70–74 Years","Hauraki-Waikato","Ex-Smoker",219
"Male","75–79 Years","Hauraki-Waikato","Ex-Smoker",129
"Female","75–79 Years","Hauraki-Waikato","Ex-Smoker",123
"Male","80–84 Years","Hauraki-Waikato","Ex-Smoker",84
"Female","80–84 Years","Hauraki-Waikato","Ex-Smoker",81
"Male","85 Years And Over","Hauraki-Waikato","Ex-Smoker",21
"Female","85 Years And Over","Hauraki-Waikato","Ex-Smoker",42
"Male","15–19 Years","Ikaroa-Rāwhiti","Ex-Smoker",132
"Female","15–19 Years","Ikaroa-Rāwhiti","Ex-Smoker",213
"Male","20–24 Years","Ikaroa-Rāwhiti","Ex-Smoker",312
"Female","20–24 Years","Ikaroa-Rāwhiti","Ex-Smoker",495
"Male","25–29 Years","Ikaroa-Rāwhiti","Ex-Smoker",315
"Female","25–29 Years","Ikaroa-Rāwhiti","Ex-Smoker",618
"Male","30–34 Years","Ikaroa-Rāwhiti","Ex-Smoker",345
"Female","30–34 Years","Ikaroa-Rāwhiti","Ex-Smoker",657
"Male","35–39 Years","Ikaroa-Rāwhiti","Ex-Smoker",441
"Female","35–39 Years","Ikaroa-Rāwhiti","Ex-Smoker",723
"Male","40–44 Years","Ikaroa-Rāwhiti","Ex-Smoker",534
"Female","40–44 Years","Ikaroa-Rāwhiti","Ex-Smoker",810
"Male","45–49 Years","Ikaroa-Rāwhiti","Ex-Smoker",567
"Female","45–49 Years","Ikaroa-Rāwhiti","Ex-Smoker",756
"Male","50–54 Years","Ikaroa-Rāwhiti","Ex-Smoker",702
"Female","50–54 Years","Ikaroa-Rāwhiti","Ex-Smoker",816
"Male","55–59 Years","Ikaroa-Rāwhiti","Ex-Smoker",654
"Female","55–59 Years","Ikaroa-Rāwhiti","Ex-Smoker",678
"Male","60–64 Years","Ikaroa-Rāwhiti","Ex-Smoker",594
"Female","60–64 Years","Ikaroa-Rāwhiti","Ex-Smoker",573
"Male","65–69 Years","Ikaroa-Rāwhiti","Ex-Smoker",390
"Female","65–69 Years","Ikaroa-Rāwhiti","Ex-Smoker",360
"Male","70–74 Years","Ikaroa-Rāwhiti","Ex-Smoker",267
"Female","70–74 Years","Ikaroa-Rāwhiti","Ex-Smoker",258
"Male","75–79 Years","Ikaroa-Rāwhiti","Ex-Smoker",168
"Female","75–79 Years","Ikaroa-Rāwhiti","Ex-Smoker",162
"Male","80–84 Years","Ikaroa-Rāwhiti","Ex-Smoker",96
"Female","80–84 Years","Ikaroa-Rāwhiti","Ex-Smoker",99
"Male","85 Years And Over","Ikaroa-Rāwhiti","Ex-Smoker",39
"Female","85 Years And Over","Ikaroa-Rāwhiti","Ex-Smoker",39
"Male","15–19 Years","Tāmaki Makaurau","Ex-Smoker",123
"Female","15–19 Years","Tāmaki Makaurau","Ex-Smoker",204
"Male","20–24 Years","Tāmaki Makaurau","Ex-Smoker",357
"Female","20–24 Years","Tāmaki Makaurau","Ex-Smoker",636
"Male","25–29 Years","Tāmaki Makaurau","Ex-Smoker",420
"Female","25–29 Years","Tāmaki Makaurau","Ex-Smoker",804
"Male","30–34 Years","Tāmaki Makaurau","Ex-Smoker",489
"Female","30–34 Years","Tāmaki Makaurau","Ex-Smoker",774
"Male","35–39 Years","Tāmaki Makaurau","Ex-Smoker",480
"Female","35–39 Years","Tāmaki Makaurau","Ex-Smoker",750
"Male","40–44 Years","Tāmaki Makaurau","Ex-Smoker",534
"Female","40–44 Years","Tāmaki Makaurau","Ex-Smoker",861
"Male","45–49 Years","Tāmaki Makaurau","Ex-Smoker",567
"Female","45–49 Years","Tāmaki Makaurau","Ex-Smoker",738
"Male","50–54 Years","Tāmaki Makaurau","Ex-Smoker",627
"Female","50–54 Years","Tāmaki Makaurau","Ex-Smoker",786
"Male","55–59 Years","Tāmaki Makaurau","Ex-Smoker",546
"Female","55–59 Years","Tāmaki Makaurau","Ex-Smoker",642
"Male","60–64 Years","Tāmaki Makaurau","Ex-Smoker",420
"Female","60–64 Years","Tāmaki Makaurau","Ex-Smoker",489
"Male","65–69 Years","Tāmaki Makaurau","Ex-Smoker",339
"Female","65–69 Years","Tāmaki Makaurau","Ex-Smoker",339
"Male","70–74 Years","Tāmaki Makaurau","Ex-Smoker",243
"Female","70–74 Years","Tāmaki Makaurau","Ex-Smoker",213
"Male","75–79 Years","Tāmaki Makaurau","Ex-Smoker",138
"Female","75–79 Years","Tāmaki Makaurau","Ex-Smoker",114
"Male","80–84 Years","Tāmaki Makaurau","Ex-Smoker",45
"Female","80–84 Years","Tāmaki Makaurau","Ex-Smoker",66
"Male","85 Years And Over","Tāmaki Makaurau","Ex-Smoker",30
"Female","85 Years And Over","Tāmaki Makaurau","Ex-Smoker",39
"Male","15–19 Years","Te Tai Hauāuru","Ex-Smoker",195
"Female","15–19 Years","Te Tai Hauāuru","Ex-Smoker",249
"Male","20–24 Years","Te Tai Hauāuru","Ex-Smoker",393
"Female","20–24 Years","Te Tai Hauāuru","Ex-Smoker",618
"Male","25–29 Years","Te Tai Hauāuru","Ex-Smoker",447
"Female","25–29 Years","Te Tai Hauāuru","Ex-Smoker",723
"Male","30–34 Years","Te Tai Hauāuru","Ex-Smoker",513
"Female","30–34 Years","Te Tai Hauāuru","Ex-Smoker",771
"Male","35–39 Years","Te Tai Hauāuru","Ex-Smoker",486
"Female","35–39 Years","Te Tai Hauāuru","Ex-Smoker",861
"Male","40–44 Years","Te Tai Hauāuru","Ex-Smoker",639
"Female","40–44 Years","Te Tai Hauāuru","Ex-Smoker",945
"Male","45–49 Years","Te Tai Hauāuru","Ex-Smoker",714
"Female","45–49 Years","Te Tai Hauāuru","Ex-Smoker",852
"Male","50–54 Years","Te Tai Hauāuru","Ex-Smoker",759
"Female","50–54 Years","Te Tai Hauāuru","Ex-Smoker",903
"Male","55–59 Years","Te Tai Hauāuru","Ex-Smoker",684
"Female","55–59 Years","Te Tai Hauāuru","Ex-Smoker",711
"Male","60–64 Years","Te Tai Hauāuru","Ex-Smoker",573
"Female","60–64 Years","Te Tai Hauāuru","Ex-Smoker",606
"Male","65–69 Years","Te Tai Hauāuru","Ex-Smoker",411
"Female","65–69 Years","Te Tai Hauāuru","Ex-Smoker",450
"Male","70–74 Years","Te Tai Hauāuru","Ex-Smoker",351
"Female","70–74 Years","Te Tai Hauāuru","Ex-Smoker",297
"Male","75–79 Years","Te Tai Hauāuru","Ex-Smoker",186
"Female","75–79 Years","Te Tai Hauāuru","Ex-Smoker",195
"Male","80–84 Years","Te Tai Hauāuru","Ex-Smoker",93
"Female","80–84 Years","Te Tai Hauāuru","Ex-Smoker",96
"Male","85 Years And Over","Te Tai Hauāuru","Ex-Smoker",36
"Female","85 Years And Over","Te Tai Hauāuru","Ex-Smoker",48
"Male","15–19 Years","Te Tai Tokerau","Ex-Smoker",138
"Female","15–19 Years","Te Tai Tokerau","Ex-Smoker",183
"Male","20–24 Years","Te Tai Tokerau","Ex-Smoker",357
"Female","20–24 Years","Te Tai Tokerau","Ex-Smoker",567
"Male","25–29 Years","Te Tai Tokerau","Ex-Smoker",429
"Female","25–29 Years","Te Tai Tokerau","Ex-Smoker",696
"Male","30–34 Years","Te Tai Tokerau","Ex-Smoker",474
"Female","30–34 Years","Te Tai Tokerau","Ex-Smoker",738
"Male","35–39 Years","Te Tai Tokerau","Ex-Smoker",534
"Female","35–39 Years","Te Tai Tokerau","Ex-Smoker",867
"Male","40–44 Years","Te Tai Tokerau","Ex-Smoker",684
"Female","40–44 Years","Te Tai Tokerau","Ex-Smoker",969
"Male","45–49 Years","Te Tai Tokerau","Ex-Smoker",720
"Female","45–49 Years","Te Tai Tokerau","Ex-Smoker",873
"Male","50–54 Years","Te Tai Tokerau","Ex-Smoker",795
"Female","50–54 Years","Te Tai Tokerau","Ex-Smoker",1032
"Male","55–59 Years","Te Tai Tokerau","Ex-Smoker",723
"Female","55–59 Years","Te Tai Tokerau","Ex-Smoker",816
"Male","60–64 Years","Te Tai Tokerau","Ex-Smoker",573
"Female","60–64 Years","Te Tai Tokerau","Ex-Smoker",666
"Male","65–69 Years","Te Tai Tokerau","Ex-Smoker",468
"Female","65–69 Years","Te Tai Tokerau","Ex-Smoker",435
"Male","70–74 Years","Te Tai Tokerau","Ex-Smoker",348
"Female","70–74 Years","Te Tai Tokerau","Ex-Smoker",306
"Male","75–79 Years","Te Tai Tokerau","Ex-Smoker",192
"Female","75–79 Years","Te Tai Tokerau","Ex-Smoker",186
"Male","80–84 Years","Te Tai Tokerau","Ex-Smoker",105
"Female","80–84 Years","Te Tai Tokerau","Ex-Smoker",108
"Male","85 Years And Over","Te Tai Tokerau","Ex-Smoker",48
"Female","85 Years And Over","Te Tai Tokerau","Ex-Smoker",51
"Male","15–19 Years","Te Tai Tonga","Ex-Smoker",258
"Female","15–19 Years","Te Tai Tonga","Ex-Smoker",261
"Male","20–24 Years","Te Tai Tonga","Ex-Smoker",642
"Female","20–24 Years","Te Tai Tonga","Ex-Smoker",846
"Male","25–29 Years","Te Tai Tonga","Ex-Smoker",699
"Female","25–29 Years","Te Tai Tonga","Ex-Smoker",972
"Male","30–34 Years","Te Tai Tonga","Ex-Smoker",807
"Female","30–34 Years","Te Tai Tonga","Ex-Smoker",1059
"Male","35–39 Years","Te Tai Tonga","Ex-Smoker",870
"Female","35–39 Years","Te Tai Tonga","Ex-Smoker",1131
"Male","40–44 Years","Te Tai Tonga","Ex-Smoker",882
"Female","40–44 Years","Te Tai Tonga","Ex-Smoker",1239
"Male","45–49 Years","Te Tai Tonga","Ex-Smoker",936
"Female","45–49 Years","Te Tai Tonga","Ex-Smoker",1116
"Male","50–54 Years","Te Tai Tonga","Ex-Smoker",924
"Female","50–54 Years","Te Tai Tonga","Ex-Smoker",1050
"Male","55–59 Years","Te Tai Tonga","Ex-Smoker",846
"Female","55–59 Years","Te Tai Tonga","Ex-Smoker",828
"Male","60–64 Years","Te Tai Tonga","Ex-Smoker",741
"Female","60–64 Years","Te Tai Tonga","Ex-Smoker",609
"Male","65–69 Years","Te Tai Tonga","Ex-Smoker",546
"Female","65–69 Years","Te Tai Tonga","Ex-Smoker",483
"Male","70–74 Years","Te Tai Tonga","Ex-Smoker",462
"Female","70–74 Years","Te Tai Tonga","Ex-Smoker",318
"Male","75–79 Years","Te Tai Tonga","Ex-Smoker",210
"Female","75–79 Years","Te Tai Tonga","Ex-Smoker",141
"Male","80–84 Years","Te Tai Tonga","Ex-Smoker",108
"Female","80–84 Years","Te Tai Tonga","Ex-Smoker",111
"Male","85 Years And Over","Te Tai Tonga","Ex-Smoker",48
"Female","85 Years And Over","Te Tai Tonga","Ex-Smoker",63
"Male","15–19 Years","Waiariki","Ex-Smoker",120
"Female","15–19 Years","Waiariki","Ex-Smoker",204
"Male","20–24 Years","Waiariki","Ex-Smoker",273
"Female","20–24 Years","Waiariki","Ex-Smoker",453
"Male","25–29 Years","Waiariki","Ex-Smoker",285
"Female","25–29 Years","Waiariki","Ex-Smoker",618
"Male","30–34 Years","Waiariki","Ex-Smoker",378
"Female","30–34 Years","Waiariki","Ex-Smoker",678
"Male","35–39 Years","Waiariki","Ex-Smoker",432
"Female","35–39 Years","Waiariki","Ex-Smoker",756
"Male","40–44 Years","Waiariki","Ex-Smoker",435
"Female","40–44 Years","Waiariki","Ex-Smoker",762
"Male","45–49 Years","Waiariki","Ex-Smoker",543
"Female","45–49 Years","Waiariki","Ex-Smoker",774
"Male","50–54 Years","Waiariki","Ex-Smoker",663
"Female","50–54 Years","Waiariki","Ex-Smoker",840
"Male","55–59 Years","Waiariki","Ex-Smoker",618
"Female","55–59 Years","Waiariki","Ex-Smoker",771
"Male","60–64 Years","Waiariki","Ex-Smoker",609
"Female","60–64 Years","Waiariki","Ex-Smoker",567
"Male","65–69 Years","Waiariki","Ex-Smoker",393
"Female","65–69 Years","Waiariki","Ex-Smoker",414
"Male","70–74 Years","Waiariki","Ex-Smoker",327
"Female","70–74 Years","Waiariki","Ex-Smoker",309
"Male","75–79 Years","Waiariki","Ex-Smoker",204
"Female","75–79 Years","Waiariki","Ex-Smoker",171
"Male","80–84 Years","Waiariki","Ex-Smoker",93
"Female","80–84 Years","Waiariki","Ex-Smoker",108
"Male","85 Years And Over","Waiariki","Ex-Smoker",39
"Female","85 Years And Over","Waiariki","Ex-Smoker",48
"Male","15–19 Years","Area Outside Māori Electorate","Ex-Smoker",NA
"Female","15–19 Years","Area Outside Māori Electorate","Ex-Smoker",NA
"Male","20–24 Years","Area Outside Māori Electorate","Ex-Smoker",NA
"Female","20–24 Years","Area Outside Māori Electorate","Ex-Smoker",NA
"Male","25–29 Years","Area Outside Māori Electorate","Ex-Smoker",NA
"Female","25–29 Years","Area Outside Māori Electorate","Ex-Smoker",NA
"Male","30–34 Years","Area Outside Māori Electorate","Ex-Smoker",NA
"Female","30–34 Years","Area Outside Māori Electorate","Ex-Smoker",NA
"Male","35–39 Years","Area Outside Māori Electorate","Ex-Smoker",NA
"Female","35–39 Years","Area Outside Māori Electorate","Ex-Smoker",NA
"Male","40–44 Years","Area Outside Māori Electorate","Ex-Smoker",NA
"Female","40–44 Years","Area Outside Māori Electorate","Ex-Smoker",NA
"Male","45–49 Years","Area Outside Māori Electorate","Ex-Smoker",NA
"Female","45–49 Years","Area Outside Māori Electorate","Ex-Smoker",NA
"Male","50–54 Years","Area Outside Māori Electorate","Ex-Smoker",NA
"Female","50–54 Years","Area Outside Māori Electorate","Ex-Smoker",NA
"Male","55–59 Years","Area Outside Māori Electorate","Ex-Smoker",NA
"Female","55–59 Years","Area Outside Māori Electorate","Ex-Smoker",NA
"Male","60–64 Years","Area Outside Māori Electorate","Ex-Smoker",NA
"Female","60–64 Years","Area Outside Māori Electorate","Ex-Smoker",NA
"Male","65–69 Years","Area Outside Māori Electorate","Ex-Smoker",NA
"Female","65–69 Years","Area Outside Māori Electorate","Ex-Smoker",NA
"Male","70–74 Years","Area Outside Māori Electorate","Ex-Smoker",NA
"Female","70–74 Years","Area Outside Māori Electorate","Ex-Smoker",NA
"Male","75–79 Years","Area Outside Māori Electorate","Ex-Smoker",NA
"Female","75–79 Years","Area Outside Māori Electorate","Ex-Smoker",NA
"Male","80–84 Years","Area Outside Māori Electorate","Ex-Smoker",NA
"Female","80–84 Years","Area Outside Māori Electorate","Ex-Smoker",NA
"Male","85 Years And Over","Area Outside Māori Electorate","Ex-Smoker",NA
"Female","85 Years And Over","Area Outside Māori Electorate","Ex-Smoker",NA
"Male","15–19 Years","Hauraki-Waikato","Never Smoked Regularly",3309
"Female","15–19 Years","Hauraki-Waikato","Never Smoked Regularly",3267
"Male","20–24 Years","Hauraki-Waikato","Never Smoked Regularly",1824
"Female","20–24 Years","Hauraki-Waikato","Never Smoked Regularly",1938
"Male","25–29 Years","Hauraki-Waikato","Never Smoked Regularly",1137
"Female","25–29 Years","Hauraki-Waikato","Never Smoked Regularly",1197
"Male","30–34 Years","Hauraki-Waikato","Never Smoked Regularly",1032
"Female","30–34 Years","Hauraki-Waikato","Never Smoked Regularly",1071
"Male","35–39 Years","Hauraki-Waikato","Never Smoked Regularly",1134
"Female","35–39 Years","Hauraki-Waikato","Never Smoked Regularly",1173
"Male","40–44 Years","Hauraki-Waikato","Never Smoked Regularly",1137
"Female","40–44 Years","Hauraki-Waikato","Never Smoked Regularly",1116
"Male","45–49 Years","Hauraki-Waikato","Never Smoked Regularly",930
"Female","45–49 Years","Hauraki-Waikato","Never Smoked Regularly",930
"Male","50–54 Years","Hauraki-Waikato","Never Smoked Regularly",792
"Female","50–54 Years","Hauraki-Waikato","Never Smoked Regularly",873
"Male","55–59 Years","Hauraki-Waikato","Never Smoked Regularly",630
"Female","55–59 Years","Hauraki-Waikato","Never Smoked Regularly",702
"Male","60–64 Years","Hauraki-Waikato","Never Smoked Regularly",531
"Female","60–64 Years","Hauraki-Waikato","Never Smoked Regularly",615
"Male","65–69 Years","Hauraki-Waikato","Never Smoked Regularly",366
"Female","65–69 Years","Hauraki-Waikato","Never Smoked Regularly",420
"Male","70–74 Years","Hauraki-Waikato","Never Smoked Regularly",279
"Female","70–74 Years","Hauraki-Waikato","Never Smoked Regularly",351
"Male","75–79 Years","Hauraki-Waikato","Never Smoked Regularly",144
"Female","75–79 Years","Hauraki-Waikato","Never Smoked Regularly",219
"Male","80–84 Years","Hauraki-Waikato","Never Smoked Regularly",69
"Female","80–84 Years","Hauraki-Waikato","Never Smoked Regularly",150
"Male","85 Years And Over","Hauraki-Waikato","Never Smoked Regularly",36
"Female","85 Years And Over","Hauraki-Waikato","Never Smoked Regularly",87
"Male","15–19 Years","Ikaroa-Rāwhiti","Never Smoked Regularly",2775
"Female","15–19 Years","Ikaroa-Rāwhiti","Never Smoked Regularly",2574
"Male","20–24 Years","Ikaroa-Rāwhiti","Never Smoked Regularly",1233
"Female","20–24 Years","Ikaroa-Rāwhiti","Never Smoked Regularly",1206
"Male","25–29 Years","Ikaroa-Rāwhiti","Never Smoked Regularly",825
"Female","25–29 Years","Ikaroa-Rāwhiti","Never Smoked Regularly",831
"Male","30–34 Years","Ikaroa-Rāwhiti","Never Smoked Regularly",867
"Female","30–34 Years","Ikaroa-Rāwhiti","Never Smoked Regularly",819
"Male","35–39 Years","Ikaroa-Rāwhiti","Never Smoked Regularly",951
"Female","35–39 Years","Ikaroa-Rāwhiti","Never Smoked Regularly",864
"Male","40–44 Years","Ikaroa-Rāwhiti","Never Smoked Regularly",957
"Female","40–44 Years","Ikaroa-Rāwhiti","Never Smoked Regularly",888
"Male","45–49 Years","Ikaroa-Rāwhiti","Never Smoked Regularly",849
"Female","45–49 Years","Ikaroa-Rāwhiti","Never Smoked Regularly",801
"Male","50–54 Years","Ikaroa-Rāwhiti","Never Smoked Regularly",762
"Female","50–54 Years","Ikaroa-Rāwhiti","Never Smoked Regularly",735
"Male","55–59 Years","Ikaroa-Rāwhiti","Never Smoked Regularly",609
"Female","55–59 Years","Ikaroa-Rāwhiti","Never Smoked Regularly",636
"Male","60–64 Years","Ikaroa-Rāwhiti","Never Smoked Regularly",522
"Female","60–64 Years","Ikaroa-Rāwhiti","Never Smoked Regularly",567
"Male","65–69 Years","Ikaroa-Rāwhiti","Never Smoked Regularly",357
"Female","65–69 Years","Ikaroa-Rāwhiti","Never Smoked Regularly",480
"Male","70–74 Years","Ikaroa-Rāwhiti","Never Smoked Regularly",279
"Female","70–74 Years","Ikaroa-Rāwhiti","Never Smoked Regularly",345
"Male","75–79 Years","Ikaroa-Rāwhiti","Never Smoked Regularly",162
"Female","75–79 Years","Ikaroa-Rāwhiti","Never Smoked Regularly",267
"Male","80–84 Years","Ikaroa-Rāwhiti","Never Smoked Regularly",87
"Female","80–84 Years","Ikaroa-Rāwhiti","Never Smoked Regularly",174
"Male","85 Years And Over","Ikaroa-Rāwhiti","Never Smoked Regularly",36
"Female","85 Years And Over","Ikaroa-Rāwhiti","Never Smoked Regularly",105
"Male","15–19 Years","Tāmaki Makaurau","Never Smoked Regularly",3222
"Female","15–19 Years","Tāmaki Makaurau","Never Smoked Regularly",3306
"Male","20–24 Years","Tāmaki Makaurau","Never Smoked Regularly",2052
"Female","20–24 Years","Tāmaki Makaurau","Never Smoked Regularly",2256
"Male","25–29 Years","Tāmaki Makaurau","Never Smoked Regularly",1308
"Female","25–29 Years","Tāmaki Makaurau","Never Smoked Regularly",1362
"Male","30–34 Years","Tāmaki Makaurau","Never Smoked Regularly",1095
"Female","30–34 Years","Tāmaki Makaurau","Never Smoked Regularly",1254
"Male","35–39 Years","Tāmaki Makaurau","Never Smoked Regularly",1227
"Female","35–39 Years","Tāmaki Makaurau","Never Smoked Regularly",1263
"Male","40–44 Years","Tāmaki Makaurau","Never Smoked Regularly",1209
"Female","40–44 Years","Tāmaki Makaurau","Never Smoked Regularly",1173
"Male","45–49 Years","Tāmaki Makaurau","Never Smoked Regularly",1032
"Female","45–49 Years","Tāmaki Makaurau","Never Smoked Regularly",1026
"Male","50–54 Years","Tāmaki Makaurau","Never Smoked Regularly",819
"Female","50–54 Years","Tāmaki Makaurau","Never Smoked Regularly",846
"Male","55–59 Years","Tāmaki Makaurau","Never Smoked Regularly",585
"Female","55–59 Years","Tāmaki Makaurau","Never Smoked Regularly",699
"Male","60–64 Years","Tāmaki Makaurau","Never Smoked Regularly",468
"Female","60–64 Years","Tāmaki Makaurau","Never Smoked Regularly",549
"Male","65–69 Years","Tāmaki Makaurau","Never Smoked Regularly",309
"Female","65–69 Years","Tāmaki Makaurau","Never Smoked Regularly",393
"Male","70–74 Years","Tāmaki Makaurau","Never Smoked Regularly",225
"Female","70–74 Years","Tāmaki Makaurau","Never Smoked Regularly",327
"Male","75–79 Years","Tāmaki Makaurau","Never Smoked Regularly",123
"Female","75–79 Years","Tāmaki Makaurau","Never Smoked Regularly",222
"Male","80–84 Years","Tāmaki Makaurau","Never Smoked Regularly",54
"Female","80–84 Years","Tāmaki Makaurau","Never Smoked Regularly",138
"Male","85 Years And Over","Tāmaki Makaurau","Never Smoked Regularly",21
"Female","85 Years And Over","Tāmaki Makaurau","Never Smoked Regularly",90
"Male","15–19 Years","Te Tai Hauāuru","Never Smoked Regularly",3447
"Female","15–19 Years","Te Tai Hauāuru","Never Smoked Regularly",3315
"Male","20–24 Years","Te Tai Hauāuru","Never Smoked Regularly",1722
"Female","20–24 Years","Te Tai Hauāuru","Never Smoked Regularly",1596
"Male","25–29 Years","Te Tai Hauāuru","Never Smoked Regularly",1050
"Female","25–29 Years","Te Tai Hauāuru","Never Smoked Regularly",1086
"Male","30–34 Years","Te Tai Hauāuru","Never Smoked Regularly",1032
"Female","30–34 Years","Te Tai Hauāuru","Never Smoked Regularly",975
"Male","35–39 Years","Te Tai Hauāuru","Never Smoked Regularly",1098
"Female","35–39 Years","Te Tai Hauāuru","Never Smoked Regularly",1035
"Male","40–44 Years","Te Tai Hauāuru","Never Smoked Regularly",1152
"Female","40–44 Years","Te Tai Hauāuru","Never Smoked Regularly",1026
"Male","45–49 Years","Te Tai Hauāuru","Never Smoked Regularly",1005
"Female","45–49 Years","Te Tai Hauāuru","Never Smoked Regularly",828
"Male","50–54 Years","Te Tai Hauāuru","Never Smoked Regularly",855
"Female","50–54 Years","Te Tai Hauāuru","Never Smoked Regularly",831
"Male","55–59 Years","Te Tai Hauāuru","Never Smoked Regularly",648
"Female","55–59 Years","Te Tai Hauāuru","Never Smoked Regularly",651
"Male","60–64 Years","Te Tai Hauāuru","Never Smoked Regularly",564
"Female","60–64 Years","Te Tai Hauāuru","Never Smoked Regularly",630
"Male","65–69 Years","Te Tai Hauāuru","Never Smoked Regularly",384
"Female","65–69 Years","Te Tai Hauāuru","Never Smoked Regularly",444
"Male","70–74 Years","Te Tai Hauāuru","Never Smoked Regularly",312
"Female","70–74 Years","Te Tai Hauāuru","Never Smoked Regularly",408
"Male","75–79 Years","Te Tai Hauāuru","Never Smoked Regularly",198
"Female","75–79 Years","Te Tai Hauāuru","Never Smoked Regularly",258
"Male","80–84 Years","Te Tai Hauāuru","Never Smoked Regularly",102
"Female","80–84 Years","Te Tai Hauāuru","Never Smoked Regularly",177
"Male","85 Years And Over","Te Tai Hauāuru","Never Smoked Regularly",36
"Female","85 Years And Over","Te Tai Hauāuru","Never Smoked Regularly",120
"Male","15–19 Years","Te Tai Tokerau","Never Smoked Regularly",3417
"Female","15–19 Years","Te Tai Tokerau","Never Smoked Regularly",3243
"Male","20–24 Years","Te Tai Tokerau","Never Smoked Regularly",1773
"Female","20–24 Years","Te Tai Tokerau","Never Smoked Regularly",1737
"Male","25–29 Years","Te Tai Tokerau","Never Smoked Regularly",1101
"Female","25–29 Years","Te Tai Tokerau","Never Smoked Regularly",1218
"Male","30–34 Years","Te Tai Tokerau","Never Smoked Regularly",1047
"Female","30–34 Years","Te Tai Tokerau","Never Smoked Regularly",1125
"Male","35–39 Years","Te Tai Tokerau","Never Smoked Regularly",1152
"Female","35–39 Years","Te Tai Tokerau","Never Smoked Regularly",1203
"Male","40–44 Years","Te Tai Tokerau","Never Smoked Regularly",1191
"Female","40–44 Years","Te Tai Tokerau","Never Smoked Regularly",1125
"Male","45–49 Years","Te Tai Tokerau","Never Smoked Regularly",1113
"Female","45–49 Years","Te Tai Tokerau","Never Smoked Regularly",1107
"Male","50–54 Years","Te Tai Tokerau","Never Smoked Regularly",957
"Female","50–54 Years","Te Tai Tokerau","Never Smoked Regularly",1017
"Male","55–59 Years","Te Tai Tokerau","Never Smoked Regularly",678
"Female","55–59 Years","Te Tai Tokerau","Never Smoked Regularly",786
"Male","60–64 Years","Te Tai Tokerau","Never Smoked Regularly",573
"Female","60–64 Years","Te Tai Tokerau","Never Smoked Regularly",723
"Male","65–69 Years","Te Tai Tokerau","Never Smoked Regularly",468
"Female","65–69 Years","Te Tai Tokerau","Never Smoked Regularly",552
"Male","70–74 Years","Te Tai Tokerau","Never Smoked Regularly",303
"Female","70–74 Years","Te Tai Tokerau","Never Smoked Regularly",444
"Male","75–79 Years","Te Tai Tokerau","Never Smoked Regularly",195
"Female","75–79 Years","Te Tai Tokerau","Never Smoked Regularly",330
"Male","80–84 Years","Te Tai Tokerau","Never Smoked Regularly",117
"Female","80–84 Years","Te Tai Tokerau","Never Smoked Regularly",210
"Male","85 Years And Over","Te Tai Tokerau","Never Smoked Regularly",54
"Female","85 Years And Over","Te Tai Tokerau","Never Smoked Regularly",147
"Male","15–19 Years","Te Tai Tonga","Never Smoked Regularly",4596
"Female","15–19 Years","Te Tai Tonga","Never Smoked Regularly",4440
"Male","20–24 Years","Te Tai Tonga","Never Smoked Regularly",3036
"Female","20–24 Years","Te Tai Tonga","Never Smoked Regularly",2916
"Male","25–29 Years","Te Tai Tonga","Never Smoked Regularly",1638
"Female","25–29 Years","Te Tai Tonga","Never Smoked Regularly",1704
"Male","30–34 Years","Te Tai Tonga","Never Smoked Regularly",1536
"Female","30–34 Years","Te Tai Tonga","Never Smoked Regularly",1476
"Male","35–39 Years","Te Tai Tonga","Never Smoked Regularly",1563
"Female","35–39 Years","Te Tai Tonga","Never Smoked Regularly",1635
"Male","40–44 Years","Te Tai Tonga","Never Smoked Regularly",1704
"Female","40–44 Years","Te Tai Tonga","Never Smoked Regularly",1572
"Male","45–49 Years","Te Tai Tonga","Never Smoked Regularly",1503
"Female","45–49 Years","Te Tai Tonga","Never Smoked Regularly",1416
"Male","50–54 Years","Te Tai Tonga","Never Smoked Regularly",1212
"Female","50–54 Years","Te Tai Tonga","Never Smoked Regularly",1200
"Male","55–59 Years","Te Tai Tonga","Never Smoked Regularly",885
"Female","55–59 Years","Te Tai Tonga","Never Smoked Regularly",954
"Male","60–64 Years","Te Tai Tonga","Never Smoked Regularly",765
"Female","60–64 Years","Te Tai Tonga","Never Smoked Regularly",762
"Male","65–69 Years","Te Tai Tonga","Never Smoked Regularly",444
"Female","65–69 Years","Te Tai Tonga","Never Smoked Regularly",474
"Male","70–74 Years","Te Tai Tonga","Never Smoked Regularly",312
"Female","70–74 Years","Te Tai Tonga","Never Smoked Regularly",369
"Male","75–79 Years","Te Tai Tonga","Never Smoked Regularly",180
"Female","75–79 Years","Te Tai Tonga","Never Smoked Regularly",273
"Male","80–84 Years","Te Tai Tonga","Never Smoked Regularly",99
"Female","80–84 Years","Te Tai Tonga","Never Smoked Regularly",165
"Male","85 Years And Over","Te Tai Tonga","Never Smoked Regularly",45
"Female","85 Years And Over","Te Tai Tonga","Never Smoked Regularly",123
"Male","15–19 Years","Waiariki","Never Smoked Regularly",2739
"Female","15–19 Years","Waiariki","Never Smoked Regularly",2586
"Male","20–24 Years","Waiariki","Never Smoked Regularly",1200
"Female","20–24 Years","Waiariki","Never Smoked Regularly",1176
"Male","25–29 Years","Waiariki","Never Smoked Regularly",846
"Female","25–29 Years","Waiariki","Never Smoked Regularly",837
"Male","30–34 Years","Waiariki","Never Smoked Regularly",888
"Female","30–34 Years","Waiariki","Never Smoked Regularly",870
"Male","35–39 Years","Waiariki","Never Smoked Regularly",981
"Female","35–39 Years","Waiariki","Never Smoked Regularly",894
"Male","40–44 Years","Waiariki","Never Smoked Regularly",963
"Female","40–44 Years","Waiariki","Never Smoked Regularly",882
"Male","45–49 Years","Waiariki","Never Smoked Regularly",885
"Female","45–49 Years","Waiariki","Never Smoked Regularly",834
"Male","50–54 Years","Waiariki","Never Smoked Regularly",831
"Female","50–54 Years","Waiariki","Never Smoked Regularly",786
"Male","55–59 Years","Waiariki","Never Smoked Regularly",651
"Female","55–59 Years","Waiariki","Never Smoked Regularly",696
"Male","60–64 Years","Waiariki","Never Smoked Regularly",546
"Female","60–64 Years","Waiariki","Never Smoked Regularly",585
"Male","65–69 Years","Waiariki","Never Smoked Regularly",393
"Female","65–69 Years","Waiariki","Never Smoked Regularly",429
"Male","70–74 Years","Waiariki","Never Smoked Regularly",309
"Female","70–74 Years","Waiariki","Never Smoked Regularly",378
"Male","75–79 Years","Waiariki","Never Smoked Regularly",204
"Female","75–79 Years","Waiariki","Never Smoked Regularly",267
"Male","80–84 Years","Waiariki","Never Smoked Regularly",93
"Female","80–84 Years","Waiariki","Never Smoked Regularly",201
"Male","85 Years And Over","Waiariki","Never Smoked Regularly",48
"Female","85 Years And Over","Waiariki","Never Smoked Regularly",114
"Male","15–19 Years","Area Outside Māori Electorate","Never Smoked Regularly",NA
"Female","15–19 Years","Area Outside Māori Electorate","Never Smoked Regularly",NA
"Male","20–24 Years","Area Outside Māori Electorate","Never Smoked Regularly",NA
"Female","20–24 Years","Area Outside Māori Electorate","Never Smoked Regularly",NA
"Male","25–29 Years","Area Outside Māori Electorate","Never Smoked Regularly",NA
"Female","25–29 Years","Area Outside Māori Electorate","Never Smoked Regularly",NA
"Male","30–34 Years","Area Outside Māori Electorate","Never Smoked Regularly",NA
"Female","30–34 Years","Area Outside Māori Electorate","Never Smoked Regularly",NA
"Male","35–39 Years","Area Outside Māori Electorate","Never Smoked Regularly",NA
"Female","35–39 Years","Area Outside Māori Electorate","Never Smoked Regularly",NA
"Male","40–44 Years","Area Outside Māori Electorate","Never Smoked Regularly",NA
"Female","40–44 Years","Area Outside Māori Electorate","Never Smoked Regularly",NA
"Male","45–49 Years","Area Outside Māori Electorate","Never Smoked Regularly",NA
"Female","45–49 Years","Area Outside Māori Electorate","Never Smoked Regularly",NA
"Male","50–54 Years","Area Outside Māori Electorate","Never Smoked Regularly",NA
"Female","50–54 Years","Area Outside Māori Electorate","Never Smoked Regularly",NA
"Male","55–59 Years","Area Outside Māori Electorate","Never Smoked Regularly",NA
"Female","55–59 Years","Area Outside Māori Electorate","Never Smoked Regularly",NA
"Male","60–64 Years","Area Outside Māori Electorate","Never Smoked Regularly",NA
"Female","60–64 Years","Area Outside Māori Electorate","Never Smoked Regularly",NA
"Male","65–69 Years","Area Outside Māori Electorate","Never Smoked Regularly",NA
"Female","65–69 Years","Area Outside Māori Electorate","Never Smoked Regularly",NA
"Male","70–74 Years","Area Outside Māori Electorate","Never Smoked Regularly",NA
"Female","70–74 Years","Area Outside Māori Electorate","Never Smoked Regularly",NA
"Male","75–79 Years","Area Outside Māori Electorate","Never Smoked Regularly",NA
"Female","75–79 Years","Area Outside Māori Electorate","Never Smoked Regularly",NA
"Male","80–84 Years","Area Outside Māori Electorate","Never Smoked Regularly",NA
"Female","80–84 Years","Area Outside Māori Electorate","Never Smoked Regularly",NA
"Male","85 Years And Over","Area Outside Māori Electorate","Never Smoked Regularly",NA
"Female","85 Years And Over","Area Outside Māori Electorate","Never Smoked Regularly",NA
"Male","15–19 Years","Hauraki-Waikato","Not Elsewhere Included(2)",297
"Female","15–19 Years","Hauraki-Waikato","Not Elsewhere Included(2)",249
"Male","20–24 Years","Hauraki-Waikato","Not Elsewhere Included(2)",120
"Female","20–24 Years","Hauraki-Waikato","Not Elsewhere Included(2)",114
"Male","25–29 Years","Hauraki-Waikato","Not Elsewhere Included(2)",99
"Female","25–29 Years","Hauraki-Waikato","Not Elsewhere Included(2)",84
"Male","30–34 Years","Hauraki-Waikato","Not Elsewhere Included(2)",75
"Female","30–34 Years","Hauraki-Waikato","Not Elsewhere Included(2)",81
"Male","35–39 Years","Hauraki-Waikato","Not Elsewhere Included(2)",102
"Female","35–39 Years","Hauraki-Waikato","Not Elsewhere Included(2)",108
"Male","40–44 Years","Hauraki-Waikato","Not Elsewhere Included(2)",105
"Female","40–44 Years","Hauraki-Waikato","Not Elsewhere Included(2)",114
"Male","45–49 Years","Hauraki-Waikato","Not Elsewhere Included(2)",87
"Female","45–49 Years","Hauraki-Waikato","Not Elsewhere Included(2)",126
"Male","50–54 Years","Hauraki-Waikato","Not Elsewhere Included(2)",111
"Female","50–54 Years","Hauraki-Waikato","Not Elsewhere Included(2)",150
"Male","55–59 Years","Hauraki-Waikato","Not Elsewhere Included(2)",75
"Female","55–59 Years","Hauraki-Waikato","Not Elsewhere Included(2)",99
"Male","60–64 Years","Hauraki-Waikato","Not Elsewhere Included(2)",66
"Female","60–64 Years","Hauraki-Waikato","Not Elsewhere Included(2)",87
"Male","65–69 Years","Hauraki-Waikato","Not Elsewhere Included(2)",45
"Female","65–69 Years","Hauraki-Waikato","Not Elsewhere Included(2)",69
"Male","70–74 Years","Hauraki-Waikato","Not Elsewhere Included(2)",24
"Female","70–74 Years","Hauraki-Waikato","Not Elsewhere Included(2)",45
"Male","75–79 Years","Hauraki-Waikato","Not Elsewhere Included(2)",24
"Female","75–79 Years","Hauraki-Waikato","Not Elsewhere Included(2)",42
"Male","80–84 Years","Hauraki-Waikato","Not Elsewhere Included(2)",9
"Female","80–84 Years","Hauraki-Waikato","Not Elsewhere Included(2)",39
"Male","85 Years And Over","Hauraki-Waikato","Not Elsewhere Included(2)",9
"Female","85 Years And Over","Hauraki-Waikato","Not Elsewhere Included(2)",12
"Male","15–19 Years","Ikaroa-Rāwhiti","Not Elsewhere Included(2)",279
"Female","15–19 Years","Ikaroa-Rāwhiti","Not Elsewhere Included(2)",243
"Male","20–24 Years","Ikaroa-Rāwhiti","Not Elsewhere Included(2)",105
"Female","20–24 Years","Ikaroa-Rāwhiti","Not Elsewhere Included(2)",114
"Male","25–29 Years","Ikaroa-Rāwhiti","Not Elsewhere Included(2)",93
"Female","25–29 Years","Ikaroa-Rāwhiti","Not Elsewhere Included(2)",69
"Male","30–34 Years","Ikaroa-Rāwhiti","Not Elsewhere Included(2)",87
"Female","30–34 Years","Ikaroa-Rāwhiti","Not Elsewhere Included(2)",69
"Male","35–39 Years","Ikaroa-Rāwhiti","Not Elsewhere Included(2)",87
"Female","35–39 Years","Ikaroa-Rāwhiti","Not Elsewhere Included(2)",87
"Male","40–44 Years","Ikaroa-Rāwhiti","Not Elsewhere Included(2)",99
"Female","40–44 Years","Ikaroa-Rāwhiti","Not Elsewhere Included(2)",105
"Male","45–49 Years","Ikaroa-Rāwhiti","Not Elsewhere Included(2)",111
"Female","45–49 Years","Ikaroa-Rāwhiti","Not Elsewhere Included(2)",108
"Male","50–54 Years","Ikaroa-Rāwhiti","Not Elsewhere Included(2)",117
"Female","50–54 Years","Ikaroa-Rāwhiti","Not Elsewhere Included(2)",123
"Male","55–59 Years","Ikaroa-Rāwhiti","Not Elsewhere Included(2)",87
"Female","55–59 Years","Ikaroa-Rāwhiti","Not Elsewhere Included(2)",108
"Male","60–64 Years","Ikaroa-Rāwhiti","Not Elsewhere Included(2)",84
"Female","60–64 Years","Ikaroa-Rāwhiti","Not Elsewhere Included(2)",117
"Male","65–69 Years","Ikaroa-Rāwhiti","Not Elsewhere Included(2)",60
"Female","65–69 Years","Ikaroa-Rāwhiti","Not Elsewhere Included(2)",75
"Male","70–74 Years","Ikaroa-Rāwhiti","Not Elsewhere Included(2)",36
"Female","70–74 Years","Ikaroa-Rāwhiti","Not Elsewhere Included(2)",63
"Male","75–79 Years","Ikaroa-Rāwhiti","Not Elsewhere Included(2)",33
"Female","75–79 Years","Ikaroa-Rāwhiti","Not Elsewhere Included(2)",48
"Male","80–84 Years","Ikaroa-Rāwhiti","Not Elsewhere Included(2)",18
"Female","80–84 Years","Ikaroa-Rāwhiti","Not Elsewhere Included(2)",15
"Male","85 Years And Over","Ikaroa-Rāwhiti","Not Elsewhere Included(2)",9
"Female","85 Years And Over","Ikaroa-Rāwhiti","Not Elsewhere Included(2)",21
"Male","15–19 Years","Tāmaki Makaurau","Not Elsewhere Included(2)",252
"Female","15–19 Years","Tāmaki Makaurau","Not Elsewhere Included(2)",222
"Male","20–24 Years","Tāmaki Makaurau","Not Elsewhere Included(2)",111
"Female","20–24 Years","Tāmaki Makaurau","Not Elsewhere Included(2)",150
"Male","25–29 Years","Tāmaki Makaurau","Not Elsewhere Included(2)",84
"Female","25–29 Years","Tāmaki Makaurau","Not Elsewhere Included(2)",93
"Male","30–34 Years","Tāmaki Makaurau","Not Elsewhere Included(2)",81
"Female","30–34 Years","Tāmaki Makaurau","Not Elsewhere Included(2)",96
"Male","35–39 Years","Tāmaki Makaurau","Not Elsewhere Included(2)",87
"Female","35–39 Years","Tāmaki Makaurau","Not Elsewhere Included(2)",99
"Male","40–44 Years","Tāmaki Makaurau","Not Elsewhere Included(2)",93
"Female","40–44 Years","Tāmaki Makaurau","Not Elsewhere Included(2)",108
"Male","45–49 Years","Tāmaki Makaurau","Not Elsewhere Included(2)",111
"Female","45–49 Years","Tāmaki Makaurau","Not Elsewhere Included(2)",126
"Male","50–54 Years","Tāmaki Makaurau","Not Elsewhere Included(2)",78
"Female","50–54 Years","Tāmaki Makaurau","Not Elsewhere Included(2)",108
"Male","55–59 Years","Tāmaki Makaurau","Not Elsewhere Included(2)",75
"Female","55–59 Years","Tāmaki Makaurau","Not Elsewhere Included(2)",105
"Male","60–64 Years","Tāmaki Makaurau","Not Elsewhere Included(2)",54
"Female","60–64 Years","Tāmaki Makaurau","Not Elsewhere Included(2)",96
"Male","65–69 Years","Tāmaki Makaurau","Not Elsewhere Included(2)",39
"Female","65–69 Years","Tāmaki Makaurau","Not Elsewhere Included(2)",63
"Male","70–74 Years","Tāmaki Makaurau","Not Elsewhere Included(2)",24
"Female","70–74 Years","Tāmaki Makaurau","Not Elsewhere Included(2)",45
"Male","75–79 Years","Tāmaki Makaurau","Not Elsewhere Included(2)",12
"Female","75–79 Years","Tāmaki Makaurau","Not Elsewhere Included(2)",33
"Male","80–84 Years","Tāmaki Makaurau","Not Elsewhere Included(2)",12
"Female","80–84 Years","Tāmaki Makaurau","Not Elsewhere Included(2)",18
"Male","85 Years And Over","Tāmaki Makaurau","Not Elsewhere Included(2)",3
"Female","85 Years And Over","Tāmaki Makaurau","Not Elsewhere Included(2)",3
"Male","15–19 Years","Te Tai Hauāuru","Not Elsewhere Included(2)",297
"Female","15–19 Years","Te Tai Hauāuru","Not Elsewhere Included(2)",237
"Male","20–24 Years","Te Tai Hauāuru","Not Elsewhere Included(2)",141
"Female","20–24 Years","Te Tai Hauāuru","Not Elsewhere Included(2)",108
"Male","25–29 Years","Te Tai Hauāuru","Not Elsewhere Included(2)",96
"Female","25–29 Years","Te Tai Hauāuru","Not Elsewhere Included(2)",75
"Male","30–34 Years","Te Tai Hauāuru","Not Elsewhere Included(2)",84
"Female","30–34 Years","Te Tai Hauāuru","Not Elsewhere Included(2)",81
"Male","35–39 Years","Te Tai Hauāuru","Not Elsewhere Included(2)",102
"Female","35–39 Years","Te Tai Hauāuru","Not Elsewhere Included(2)",117
"Male","40–44 Years","Te Tai Hauāuru","Not Elsewhere Included(2)",114
"Female","40–44 Years","Te Tai Hauāuru","Not Elsewhere Included(2)",111
"Male","45–49 Years","Te Tai Hauāuru","Not Elsewhere Included(2)",120
"Female","45–49 Years","Te Tai Hauāuru","Not Elsewhere Included(2)",102
"Male","50–54 Years","Te Tai Hauāuru","Not Elsewhere Included(2)",99
"Female","50–54 Years","Te Tai Hauāuru","Not Elsewhere Included(2)",120
"Male","55–59 Years","Te Tai Hauāuru","Not Elsewhere Included(2)",75
"Female","55–59 Years","Te Tai Hauāuru","Not Elsewhere Included(2)",102
"Male","60–64 Years","Te Tai Hauāuru","Not Elsewhere Included(2)",69
"Female","60–64 Years","Te Tai Hauāuru","Not Elsewhere Included(2)",96
"Male","65–69 Years","Te Tai Hauāuru","Not Elsewhere Included(2)",54
"Female","65–69 Years","Te Tai Hauāuru","Not Elsewhere Included(2)",81
"Male","70–74 Years","Te Tai Hauāuru","Not Elsewhere Included(2)",33
"Female","70–74 Years","Te Tai Hauāuru","Not Elsewhere Included(2)",51
"Male","75–79 Years","Te Tai Hauāuru","Not Elsewhere Included(2)",27
"Female","75–79 Years","Te Tai Hauāuru","Not Elsewhere Included(2)",51
"Male","80–84 Years","Te Tai Hauāuru","Not Elsewhere Included(2)",9
"Female","80–84 Years","Te Tai Hauāuru","Not Elsewhere Included(2)",15
"Male","85 Years And Over","Te Tai Hauāuru","Not Elsewhere Included(2)",12
"Female","85 Years And Over","Te Tai Hauāuru","Not Elsewhere Included(2)",12
"Male","15–19 Years","Te Tai Tokerau","Not Elsewhere Included(2)",282
"Female","15–19 Years","Te Tai Tokerau","Not Elsewhere Included(2)",222
"Male","20–24 Years","Te Tai Tokerau","Not Elsewhere Included(2)",120
"Female","20–24 Years","Te Tai Tokerau","Not Elsewhere Included(2)",99
"Male","25–29 Years","Te Tai Tokerau","Not Elsewhere Included(2)",93
"Female","25–29 Years","Te Tai Tokerau","Not Elsewhere Included(2)",78
"Male","30–34 Years","Te Tai Tokerau","Not Elsewhere Included(2)",78
"Female","30–34 Years","Te Tai Tokerau","Not Elsewhere Included(2)",75
"Male","35–39 Years","Te Tai Tokerau","Not Elsewhere Included(2)",111
"Female","35–39 Years","Te Tai Tokerau","Not Elsewhere Included(2)",84
"Male","40–44 Years","Te Tai Tokerau","Not Elsewhere Included(2)",111
"Female","40–44 Years","Te Tai Tokerau","Not Elsewhere Included(2)",120
"Male","45–49 Years","Te Tai Tokerau","Not Elsewhere Included(2)",120
"Female","45–49 Years","Te Tai Tokerau","Not Elsewhere Included(2)",111
"Male","50–54 Years","Te Tai Tokerau","Not Elsewhere Included(2)",105
"Female","50–54 Years","Te Tai Tokerau","Not Elsewhere Included(2)",123
"Male","55–59 Years","Te Tai Tokerau","Not Elsewhere Included(2)",99
"Female","55–59 Years","Te Tai Tokerau","Not Elsewhere Included(2)",114
"Male","60–64 Years","Te Tai Tokerau","Not Elsewhere Included(2)",75
"Female","60–64 Years","Te Tai Tokerau","Not Elsewhere Included(2)",105
"Male","65–69 Years","Te Tai Tokerau","Not Elsewhere Included(2)",48
"Female","65–69 Years","Te Tai Tokerau","Not Elsewhere Included(2)",84
"Male","70–74 Years","Te Tai Tokerau","Not Elsewhere Included(2)",51
"Female","70–74 Years","Te Tai Tokerau","Not Elsewhere Included(2)",69
"Male","75–79 Years","Te Tai Tokerau","Not Elsewhere Included(2)",24
"Female","75–79 Years","Te Tai Tokerau","Not Elsewhere Included(2)",45
"Male","80–84 Years","Te Tai Tokerau","Not Elsewhere Included(2)",15
"Female","80–84 Years","Te Tai Tokerau","Not Elsewhere Included(2)",30
"Male","85 Years And Over","Te Tai Tokerau","Not Elsewhere Included(2)",9
"Female","85 Years And Over","Te Tai Tokerau","Not Elsewhere Included(2)",12
"Male","15–19 Years","Te Tai Tonga","Not Elsewhere Included(2)",288
"Female","15–19 Years","Te Tai Tonga","Not Elsewhere Included(2)",273
"Male","20–24 Years","Te Tai Tonga","Not Elsewhere Included(2)",174
"Female","20–24 Years","Te Tai Tonga","Not Elsewhere Included(2)",153
"Male","25–29 Years","Te Tai Tonga","Not Elsewhere Included(2)",111
"Female","25–29 Years","Te Tai Tonga","Not Elsewhere Included(2)",93
"Male","30–34 Years","Te Tai Tonga","Not Elsewhere Included(2)",105
"Female","30–34 Years","Te Tai Tonga","Not Elsewhere Included(2)",99
"Male","35–39 Years","Te Tai Tonga","Not Elsewhere Included(2)",117
"Female","35–39 Years","Te Tai Tonga","Not Elsewhere Included(2)",99
"Male","40–44 Years","Te Tai Tonga","Not Elsewhere Included(2)",150
"Female","40–44 Years","Te Tai Tonga","Not Elsewhere Included(2)",138
"Male","45–49 Years","Te Tai Tonga","Not Elsewhere Included(2)",147
"Female","45–49 Years","Te Tai Tonga","Not Elsewhere Included(2)",153
"Male","50–54 Years","Te Tai Tonga","Not Elsewhere Included(2)",132
"Female","50–54 Years","Te Tai Tonga","Not Elsewhere Included(2)",129
"Male","55–59 Years","Te Tai Tonga","Not Elsewhere Included(2)",96
"Female","55–59 Years","Te Tai Tonga","Not Elsewhere Included(2)",84
"Male","60–64 Years","Te Tai Tonga","Not Elsewhere Included(2)",66
"Female","60–64 Years","Te Tai Tonga","Not Elsewhere Included(2)",84
"Male","65–69 Years","Te Tai Tonga","Not Elsewhere Included(2)",45
"Female","65–69 Years","Te Tai Tonga","Not Elsewhere Included(2)",63
"Male","70–74 Years","Te Tai Tonga","Not Elsewhere Included(2)",54
"Female","70–74 Years","Te Tai Tonga","Not Elsewhere Included(2)",57
"Male","75–79 Years","Te Tai Tonga","Not Elsewhere Included(2)",24
"Female","75–79 Years","Te Tai Tonga","Not Elsewhere Included(2)",42
"Male","80–84 Years","Te Tai Tonga","Not Elsewhere Included(2)",18
"Female","80–84 Years","Te Tai Tonga","Not Elsewhere Included(2)",27
"Male","85 Years And Over","Te Tai Tonga","Not Elsewhere Included(2)",15
"Female","85 Years And Over","Te Tai Tonga","Not Elsewhere Included(2)",15
"Male","15–19 Years","Waiariki","Not Elsewhere Included(2)",255
"Female","15–19 Years","Waiariki","Not Elsewhere Included(2)",228
"Male","20–24 Years","Waiariki","Not Elsewhere Included(2)",111
"Female","20–24 Years","Waiariki","Not Elsewhere Included(2)",102
"Male","25–29 Years","Waiariki","Not Elsewhere Included(2)",72
"Female","25–29 Years","Waiariki","Not Elsewhere Included(2)",78
"Male","30–34 Years","Waiariki","Not Elsewhere Included(2)",72
"Female","30–34 Years","Waiariki","Not Elsewhere Included(2)",63
"Male","35–39 Years","Waiariki","Not Elsewhere Included(2)",78
"Female","35–39 Years","Waiariki","Not Elsewhere Included(2)",96
"Male","40–44 Years","Waiariki","Not Elsewhere Included(2)",99
"Female","40–44 Years","Waiariki","Not Elsewhere Included(2)",120
"Male","45–49 Years","Waiariki","Not Elsewhere Included(2)",93
"Female","45–49 Years","Waiariki","Not Elsewhere Included(2)",120
"Male","50–54 Years","Waiariki","Not Elsewhere Included(2)",96
"Female","50–54 Years","Waiariki","Not Elsewhere Included(2)",123
"Male","55–59 Years","Waiariki","Not Elsewhere Included(2)",75
"Female","55–59 Years","Waiariki","Not Elsewhere Included(2)",114
"Male","60–64 Years","Waiariki","Not Elsewhere Included(2)",60
"Female","60–64 Years","Waiariki","Not Elsewhere Included(2)",87
"Male","65–69 Years","Waiariki","Not Elsewhere Included(2)",54
"Female","65–69 Years","Waiariki","Not Elsewhere Included(2)",63
"Male","70–74 Years","Waiariki","Not Elsewhere Included(2)",51
"Female","70–74 Years","Waiariki","Not Elsewhere Included(2)",78
"Male","75–79 Years","Waiariki","Not Elsewhere Included(2)",21
"Female","75–79 Years","Waiariki","Not Elsewhere Included(2)",42
"Male","80–84 Years","Waiariki","Not Elsewhere Included(2)",12
"Female","80–84 Years","Waiariki","Not Elsewhere Included(2)",18
"Male","85 Years And Over","Waiariki","Not Elsewhere Included(2)",6
"Female","85 Years And Over","Waiariki","Not Elsewhere Included(2)",15
"Male","15–19 Years","Area Outside Māori Electorate","Not Elsewhere Included(2)",NA
"Female","15–19 Years","Area Outside Māori Electorate","Not Elsewhere Included(2)",NA
"Male","20–24 Years","Area Outside Māori Electorate","Not Elsewhere Included(2)",NA
"Female","20–24 Years","Area Outside Māori Electorate","Not Elsewhere Included(2)",NA
"Male","25–29 Years","Area Outside Māori Electorate","Not Elsewhere Included(2)",NA
"Female","25–29 Years","Area Outside Māori Electorate","Not Elsewhere Included(2)",NA
"Male","30–34 Years","Area Outside Māori Electorate","Not Elsewhere Included(2)",NA
"Female","30–34 Years","Area Outside Māori Electorate","Not Elsewhere Included(2)",NA
"Male","35–39 Years","Area Outside Māori Electorate","Not Elsewhere Included(2)",NA
"Female","35–39 Years","Area Outside Māori Electorate","Not Elsewhere Included(2)",NA
"Male","40–44 Years","Area Outside Māori Electorate","Not Elsewhere Included(2)",NA
"Female","40–44 Years","Area Outside Māori Electorate","Not Elsewhere Included(2)",NA
"Male","45–49 Years","Area Outside Māori Electorate","Not Elsewhere Included(2)",NA
"Female","45–49 Years","Area Outside Māori Electorate","Not Elsewhere Included(2)",NA
"Male","50–54 Years","Area Outside Māori Electorate","Not Elsewhere Included(2)",NA
"Female","50–54 Years","Area Outside Māori Electorate","Not Elsewhere Included(2)",NA
"Male","55–59 Years","Area Outside Māori Electorate","Not Elsewhere Included(2)",NA
"Female","55–59 Years","Area Outside Māori Electorate","Not Elsewhere Included(2)",NA
"Male","60–64 Years","Area Outside Māori Electorate","Not Elsewhere Included(2)",NA
"Female","60–64 Years","Area Outside Māori Electorate","Not Elsewhere Included(2)",NA
"Male","65–69 Years","Area Outside Māori Electorate","Not Elsewhere Included(2)",NA
"Female","65–69 Years","Area Outside Māori Electorate","Not Elsewhere Included(2)",NA
"Male","70–74 Years","Area Outside Māori Electorate","Not Elsewhere Included(2)",NA
"Female","70–74 Years","Area Outside Māori Electorate","Not Elsewhere Included(2)",NA
"Male","75–79 Years","Area Outside Māori Electorate","Not Elsewhere Included(2)",NA
"Female","75–79 Years","Area Outside Māori Electorate","Not Elsewhere Included(2)",NA
"Male","80–84 Years","Area Outside Māori Electorate","Not Elsewhere Included(2)",NA
"Female","80–84 Years","Area Outside Māori Electorate","Not Elsewhere Included(2)",NA
"Male","85 Years And Over","Area Outside Māori Electorate","Not Elsewhere Included(2)",NA
"Female","85 Years And Over","Area Outside Māori Electorate","Not Elsewhere Included(2)",NA
