"level0","level1","Number of children born alive","count"
"15–19 Years","Hauraki-Waikato","No Children",4122
"20–24 Years","Hauraki-Waikato","No Children",2448
"25–29 Years","Hauraki-Waikato","No Children",1104
"30–34 Years","Hauraki-Waikato","No Children",633
"35–39 Years","Hauraki-Waikato","No Children",459
"40–44 Years","Hauraki-Waikato","No Children",390
"45–49 Years","Hauraki-Waikato","No Children",318
"50–54 Years","Hauraki-Waikato","No Children",273
"55–59 Years","Hauraki-Waikato","No Children",183
"60–64 Years","Hauraki-Waikato","No Children",108
"65–69 Years","Hauraki-Waikato","No Children",54
"70–74 Years","Hauraki-Waikato","No Children",42
"75–79 Years","Hauraki-Waikato","No Children",27
"80–84 Years","Hauraki-Waikato","No Children",9
"85 Years And Over","Hauraki-Waikato","No Children",9
"15–19 Years","Ikaroa-Rāwhiti","No Children",3459
"20–24 Years","Ikaroa-Rāwhiti","No Children",1653
"25–29 Years","Ikaroa-Rāwhiti","No Children",735
"30–34 Years","Ikaroa-Rāwhiti","No Children",498
"35–39 Years","Ikaroa-Rāwhiti","No Children",321
"40–44 Years","Ikaroa-Rāwhiti","No Children",321
"45–49 Years","Ikaroa-Rāwhiti","No Children",306
"50–54 Years","Ikaroa-Rāwhiti","No Children",246
"55–59 Years","Ikaroa-Rāwhiti","No Children",186
"60–64 Years","Ikaroa-Rāwhiti","No Children",117
"65–69 Years","Ikaroa-Rāwhiti","No Children",81
"70–74 Years","Ikaroa-Rāwhiti","No Children",54
"75–79 Years","Ikaroa-Rāwhiti","No Children",30
"80–84 Years","Ikaroa-Rāwhiti","No Children",15
"85 Years And Over","Ikaroa-Rāwhiti","No Children",15
"15–19 Years","Tāmaki Makaurau","No Children",4029
"20–24 Years","Tāmaki Makaurau","No Children",2883
"25–29 Years","Tāmaki Makaurau","No Children",1617
"30–34 Years","Tāmaki Makaurau","No Children",1035
"35–39 Years","Tāmaki Makaurau","No Children",663
"40–44 Years","Tāmaki Makaurau","No Children",576
"45–49 Years","Tāmaki Makaurau","No Children",420
"50–54 Years","Tāmaki Makaurau","No Children",321
"55–59 Years","Tāmaki Makaurau","No Children",258
"60–64 Years","Tāmaki Makaurau","No Children",156
"65–69 Years","Tāmaki Makaurau","No Children",69
"70–74 Years","Tāmaki Makaurau","No Children",54
"75–79 Years","Tāmaki Makaurau","No Children",39
"80–84 Years","Tāmaki Makaurau","No Children",15
"85 Years And Over","Tāmaki Makaurau","No Children",15
"15–19 Years","Te Tai Hauāuru","No Children",4149
"20–24 Years","Te Tai Hauāuru","No Children",2097
"25–29 Years","Te Tai Hauāuru","No Children",933
"30–34 Years","Te Tai Hauāuru","No Children",522
"35–39 Years","Te Tai Hauāuru","No Children",405
"40–44 Years","Te Tai Hauāuru","No Children",399
"45–49 Years","Te Tai Hauāuru","No Children",306
"50–54 Years","Te Tai Hauāuru","No Children",258
"55–59 Years","Te Tai Hauāuru","No Children",198
"60–64 Years","Te Tai Hauāuru","No Children",126
"65–69 Years","Te Tai Hauāuru","No Children",90
"70–74 Years","Te Tai Hauāuru","No Children",51
"75–79 Years","Te Tai Hauāuru","No Children",42
"80–84 Years","Te Tai Hauāuru","No Children",24
"85 Years And Over","Te Tai Hauāuru","No Children",18
"15–19 Years","Te Tai Tokerau","No Children",3930
"20–24 Years","Te Tai Tokerau","No Children",2121
"25–29 Years","Te Tai Tokerau","No Children",1041
"30–34 Years","Te Tai Tokerau","No Children",636
"35–39 Years","Te Tai Tokerau","No Children",444
"40–44 Years","Te Tai Tokerau","No Children",414
"45–49 Years","Te Tai Tokerau","No Children",390
"50–54 Years","Te Tai Tokerau","No Children",324
"55–59 Years","Te Tai Tokerau","No Children",219
"60–64 Years","Te Tai Tokerau","No Children",162
"65–69 Years","Te Tai Tokerau","No Children",81
"70–74 Years","Te Tai Tokerau","No Children",57
"75–79 Years","Te Tai Tokerau","No Children",39
"80–84 Years","Te Tai Tokerau","No Children",33
"85 Years And Over","Te Tai Tokerau","No Children",27
"15–19 Years","Te Tai Tonga","No Children",5538
"20–24 Years","Te Tai Tonga","No Children",4065
"25–29 Years","Te Tai Tonga","No Children",1881
"30–34 Years","Te Tai Tonga","No Children",1101
"35–39 Years","Te Tai Tonga","No Children",768
"40–44 Years","Te Tai Tonga","No Children",630
"45–49 Years","Te Tai Tonga","No Children",516
"50–54 Years","Te Tai Tonga","No Children",393
"55–59 Years","Te Tai Tonga","No Children",258
"60–64 Years","Te Tai Tonga","No Children",159
"65–69 Years","Te Tai Tonga","No Children",111
"70–74 Years","Te Tai Tonga","No Children",63
"75–79 Years","Te Tai Tonga","No Children",39
"80–84 Years","Te Tai Tonga","No Children",18
"85 Years And Over","Te Tai Tonga","No Children",12
"15–19 Years","Waiariki","No Children",3342
"20–24 Years","Waiariki","No Children",1515
"25–29 Years","Waiariki","No Children",753
"30–34 Years","Waiariki","No Children",489
"35–39 Years","Waiariki","No Children",330
"40–44 Years","Waiariki","No Children",306
"45–49 Years","Waiariki","No Children",291
"50–54 Years","Waiariki","No Children",246
"55–59 Years","Waiariki","No Children",180
"60–64 Years","Waiariki","No Children",120
"65–69 Years","Waiariki","No Children",78
"70–74 Years","Waiariki","No Children",57
"75–79 Years","Waiariki","No Children",45
"80–84 Years","Waiariki","No Children",24
"85 Years And Over","Waiariki","No Children",18
"15–19 Years","Area Outside Māori Electorate","No Children",NA
"20–24 Years","Area Outside Māori Electorate","No Children",NA
"25–29 Years","Area Outside Māori Electorate","No Children",NA
"30–34 Years","Area Outside Māori Electorate","No Children",NA
"35–39 Years","Area Outside Māori Electorate","No Children",NA
"40–44 Years","Area Outside Māori Electorate","No Children",NA
"45–49 Years","Area Outside Māori Electorate","No Children",NA
"50–54 Years","Area Outside Māori Electorate","No Children",NA
"55–59 Years","Area Outside Māori Electorate","No Children",NA
"60–64 Years","Area Outside Māori Electorate","No Children",NA
"65–69 Years","Area Outside Māori Electorate","No Children",NA
"70–74 Years","Area Outside Māori Electorate","No Children",NA
"75–79 Years","Area Outside Māori Electorate","No Children",NA
"80–84 Years","Area Outside Māori Electorate","No Children",NA
"85 Years And Over","Area Outside Māori Electorate","No Children",NA
"15–19 Years","Hauraki-Waikato","One Child",276
"20–24 Years","Hauraki-Waikato","One Child",882
"25–29 Years","Hauraki-Waikato","One Child",693
"30–34 Years","Hauraki-Waikato","One Child",504
"35–39 Years","Hauraki-Waikato","One Child",399
"40–44 Years","Hauraki-Waikato","One Child",372
"45–49 Years","Hauraki-Waikato","One Child",327
"50–54 Years","Hauraki-Waikato","One Child",237
"55–59 Years","Hauraki-Waikato","One Child",180
"60–64 Years","Hauraki-Waikato","One Child",120
"65–69 Years","Hauraki-Waikato","One Child",72
"70–74 Years","Hauraki-Waikato","One Child",30
"75–79 Years","Hauraki-Waikato","One Child",18
"80–84 Years","Hauraki-Waikato","One Child",12
"85 Years And Over","Hauraki-Waikato","One Child",6
"15–19 Years","Ikaroa-Rāwhiti","One Child",228
"20–24 Years","Ikaroa-Rāwhiti","One Child",945
"25–29 Years","Ikaroa-Rāwhiti","One Child",642
"30–34 Years","Ikaroa-Rāwhiti","One Child",429
"35–39 Years","Ikaroa-Rāwhiti","One Child",375
"40–44 Years","Ikaroa-Rāwhiti","One Child",348
"45–49 Years","Ikaroa-Rāwhiti","One Child",291
"50–54 Years","Ikaroa-Rāwhiti","One Child",255
"55–59 Years","Ikaroa-Rāwhiti","One Child",171
"60–64 Years","Ikaroa-Rāwhiti","One Child",123
"65–69 Years","Ikaroa-Rāwhiti","One Child",69
"70–74 Years","Ikaroa-Rāwhiti","One Child",42
"75–79 Years","Ikaroa-Rāwhiti","One Child",18
"80–84 Years","Ikaroa-Rāwhiti","One Child",18
"85 Years And Over","Ikaroa-Rāwhiti","One Child",9
"15–19 Years","Tāmaki Makaurau","One Child",258
"20–24 Years","Tāmaki Makaurau","One Child",867
"25–29 Years","Tāmaki Makaurau","One Child",639
"30–34 Years","Tāmaki Makaurau","One Child",552
"35–39 Years","Tāmaki Makaurau","One Child",489
"40–44 Years","Tāmaki Makaurau","One Child",462
"45–49 Years","Tāmaki Makaurau","One Child",336
"50–54 Years","Tāmaki Makaurau","One Child",324
"55–59 Years","Tāmaki Makaurau","One Child",201
"60–64 Years","Tāmaki Makaurau","One Child",150
"65–69 Years","Tāmaki Makaurau","One Child",60
"70–74 Years","Tāmaki Makaurau","One Child",33
"75–79 Years","Tāmaki Makaurau","One Child",33
"80–84 Years","Tāmaki Makaurau","One Child",18
"85 Years And Over","Tāmaki Makaurau","One Child",12
"15–19 Years","Te Tai Hauāuru","One Child",279
"20–24 Years","Te Tai Hauāuru","One Child",999
"25–29 Years","Te Tai Hauāuru","One Child",735
"30–34 Years","Te Tai Hauāuru","One Child",519
"35–39 Years","Te Tai Hauāuru","One Child",444
"40–44 Years","Te Tai Hauāuru","One Child",399
"45–49 Years","Te Tai Hauāuru","One Child",312
"50–54 Years","Te Tai Hauāuru","One Child",297
"55–59 Years","Te Tai Hauāuru","One Child",192
"60–64 Years","Te Tai Hauāuru","One Child",120
"65–69 Years","Te Tai Hauāuru","One Child",78
"70–74 Years","Te Tai Hauāuru","One Child",33
"75–79 Years","Te Tai Hauāuru","One Child",18
"80–84 Years","Te Tai Hauāuru","One Child",18
"85 Years And Over","Te Tai Hauāuru","One Child",12
"15–19 Years","Te Tai Tokerau","One Child",216
"20–24 Years","Te Tai Tokerau","One Child",759
"25–29 Years","Te Tai Tokerau","One Child",669
"30–34 Years","Te Tai Tokerau","One Child",522
"35–39 Years","Te Tai Tokerau","One Child",486
"40–44 Years","Te Tai Tokerau","One Child",426
"45–49 Years","Te Tai Tokerau","One Child",357
"50–54 Years","Te Tai Tokerau","One Child",369
"55–59 Years","Te Tai Tokerau","One Child",231
"60–64 Years","Te Tai Tokerau","One Child",162
"65–69 Years","Te Tai Tokerau","One Child",75
"70–74 Years","Te Tai Tokerau","One Child",54
"75–79 Years","Te Tai Tokerau","One Child",21
"80–84 Years","Te Tai Tokerau","One Child",21
"85 Years And Over","Te Tai Tokerau","One Child",9
"15–19 Years","Te Tai Tonga","One Child",225
"20–24 Years","Te Tai Tonga","One Child",930
"25–29 Years","Te Tai Tonga","One Child",885
"30–34 Years","Te Tai Tonga","One Child",744
"35–39 Years","Te Tai Tonga","One Child",732
"40–44 Years","Te Tai Tonga","One Child",633
"45–49 Years","Te Tai Tonga","One Child",471
"50–54 Years","Te Tai Tonga","One Child",357
"55–59 Years","Te Tai Tonga","One Child",243
"60–64 Years","Te Tai Tonga","One Child",141
"65–69 Years","Te Tai Tonga","One Child",90
"70–74 Years","Te Tai Tonga","One Child",48
"75–79 Years","Te Tai Tonga","One Child",30
"80–84 Years","Te Tai Tonga","One Child",18
"85 Years And Over","Te Tai Tonga","One Child",15
"15–19 Years","Waiariki","One Child",231
"20–24 Years","Waiariki","One Child",753
"25–29 Years","Waiariki","One Child",603
"30–34 Years","Waiariki","One Child",426
"35–39 Years","Waiariki","One Child",387
"40–44 Years","Waiariki","One Child",339
"45–49 Years","Waiariki","One Child",300
"50–54 Years","Waiariki","One Child",270
"55–59 Years","Waiariki","One Child",198
"60–64 Years","Waiariki","One Child",129
"65–69 Years","Waiariki","One Child",75
"70–74 Years","Waiariki","One Child",45
"75–79 Years","Waiariki","One Child",27
"80–84 Years","Waiariki","One Child",12
"85 Years And Over","Waiariki","One Child",12
"15–19 Years","Area Outside Māori Electorate","One Child",NA
"20–24 Years","Area Outside Māori Electorate","One Child",NA
"25–29 Years","Area Outside Māori Electorate","One Child",NA
"30–34 Years","Area Outside Māori Electorate","One Child",NA
"35–39 Years","Area Outside Māori Electorate","One Child",NA
"40–44 Years","Area Outside Māori Electorate","One Child",NA
"45–49 Years","Area Outside Māori Electorate","One Child",NA
"50–54 Years","Area Outside Māori Electorate","One Child",NA
"55–59 Years","Area Outside Māori Electorate","One Child",NA
"60–64 Years","Area Outside Māori Electorate","One Child",NA
"65–69 Years","Area Outside Māori Electorate","One Child",NA
"70–74 Years","Area Outside Māori Electorate","One Child",NA
"75–79 Years","Area Outside Māori Electorate","One Child",NA
"80–84 Years","Area Outside Māori Electorate","One Child",NA
"85 Years And Over","Area Outside Māori Electorate","One Child",NA
"15–19 Years","Hauraki-Waikato","Two Children",36
"20–24 Years","Hauraki-Waikato","Two Children",546
"25–29 Years","Hauraki-Waikato","Two Children",738
"30–34 Years","Hauraki-Waikato","Two Children",714
"35–39 Years","Hauraki-Waikato","Two Children",807
"40–44 Years","Hauraki-Waikato","Two Children",816
"45–49 Years","Hauraki-Waikato","Two Children",714
"50–54 Years","Hauraki-Waikato","Two Children",633
"55–59 Years","Hauraki-Waikato","Two Children",465
"60–64 Years","Hauraki-Waikato","Two Children",348
"65–69 Years","Hauraki-Waikato","Two Children",183
"70–74 Years","Hauraki-Waikato","Two Children",90
"75–79 Years","Hauraki-Waikato","Two Children",51
"80–84 Years","Hauraki-Waikato","Two Children",33
"85 Years And Over","Hauraki-Waikato","Two Children",15
"15–19 Years","Ikaroa-Rāwhiti","Two Children",36
"20–24 Years","Ikaroa-Rāwhiti","Two Children",483
"25–29 Years","Ikaroa-Rāwhiti","Two Children",693
"30–34 Years","Ikaroa-Rāwhiti","Two Children",633
"35–39 Years","Ikaroa-Rāwhiti","Two Children",678
"40–44 Years","Ikaroa-Rāwhiti","Two Children",765
"45–49 Years","Ikaroa-Rāwhiti","Two Children",663
"50–54 Years","Ikaroa-Rāwhiti","Two Children",606
"55–59 Years","Ikaroa-Rāwhiti","Two Children",459
"60–64 Years","Ikaroa-Rāwhiti","Two Children",354
"65–69 Years","Ikaroa-Rāwhiti","Two Children",189
"70–74 Years","Ikaroa-Rāwhiti","Two Children",90
"75–79 Years","Ikaroa-Rāwhiti","Two Children",48
"80–84 Years","Ikaroa-Rāwhiti","Two Children",30
"85 Years And Over","Ikaroa-Rāwhiti","Two Children",12
"15–19 Years","Tāmaki Makaurau","Two Children",27
"20–24 Years","Tāmaki Makaurau","Two Children",486
"25–29 Years","Tāmaki Makaurau","Two Children",567
"30–34 Years","Tāmaki Makaurau","Two Children",576
"35–39 Years","Tāmaki Makaurau","Two Children",720
"40–44 Years","Tāmaki Makaurau","Two Children",768
"45–49 Years","Tāmaki Makaurau","Two Children",717
"50–54 Years","Tāmaki Makaurau","Two Children",651
"55–59 Years","Tāmaki Makaurau","Two Children",450
"60–64 Years","Tāmaki Makaurau","Two Children",315
"65–69 Years","Tāmaki Makaurau","Two Children",207
"70–74 Years","Tāmaki Makaurau","Two Children",96
"75–79 Years","Tāmaki Makaurau","Two Children",51
"80–84 Years","Tāmaki Makaurau","Two Children",30
"85 Years And Over","Tāmaki Makaurau","Two Children",24
"15–19 Years","Te Tai Hauāuru","Two Children",27
"20–24 Years","Te Tai Hauāuru","Two Children",540
"25–29 Years","Te Tai Hauāuru","Two Children",792
"30–34 Years","Te Tai Hauāuru","Two Children",780
"35–39 Years","Te Tai Hauāuru","Two Children",795
"40–44 Years","Te Tai Hauāuru","Two Children",885
"45–49 Years","Te Tai Hauāuru","Two Children",681
"50–54 Years","Te Tai Hauāuru","Two Children",627
"55–59 Years","Te Tai Hauāuru","Two Children",483
"60–64 Years","Te Tai Hauāuru","Two Children",366
"65–69 Years","Te Tai Hauāuru","Two Children",204
"70–74 Years","Te Tai Hauāuru","Two Children",126
"75–79 Years","Te Tai Hauāuru","Two Children",45
"80–84 Years","Te Tai Hauāuru","Two Children",30
"85 Years And Over","Te Tai Hauāuru","Two Children",24
"15–19 Years","Te Tai Tokerau","Two Children",39
"20–24 Years","Te Tai Tokerau","Two Children",498
"25–29 Years","Te Tai Tokerau","Two Children",639
"30–34 Years","Te Tai Tokerau","Two Children",681
"35–39 Years","Te Tai Tokerau","Two Children",834
"40–44 Years","Te Tai Tokerau","Two Children",894
"45–49 Years","Te Tai Tokerau","Two Children",804
"50–54 Years","Te Tai Tokerau","Two Children",783
"55–59 Years","Te Tai Tokerau","Two Children",549
"60–64 Years","Te Tai Tokerau","Two Children",480
"65–69 Years","Te Tai Tokerau","Two Children",285
"70–74 Years","Te Tai Tokerau","Two Children",144
"75–79 Years","Te Tai Tokerau","Two Children",81
"80–84 Years","Te Tai Tokerau","Two Children",48
"85 Years And Over","Te Tai Tokerau","Two Children",30
"15–19 Years","Te Tai Tonga","Two Children",21
"20–24 Years","Te Tai Tonga","Two Children",411
"25–29 Years","Te Tai Tonga","Two Children",774
"30–34 Years","Te Tai Tonga","Two Children",1044
"35–39 Years","Te Tai Tonga","Two Children",1122
"40–44 Years","Te Tai Tonga","Two Children",1308
"45–49 Years","Te Tai Tonga","Two Children",1122
"50–54 Years","Te Tai Tonga","Two Children",972
"55–59 Years","Te Tai Tonga","Two Children",744
"60–64 Years","Te Tai Tonga","Two Children",504
"65–69 Years","Te Tai Tonga","Two Children",282
"70–74 Years","Te Tai Tonga","Two Children",144
"75–79 Years","Te Tai Tonga","Two Children",60
"80–84 Years","Te Tai Tonga","Two Children",54
"85 Years And Over","Te Tai Tonga","Two Children",42
"15–19 Years","Waiariki","Two Children",42
"20–24 Years","Waiariki","Two Children",468
"25–29 Years","Waiariki","Two Children",621
"30–34 Years","Waiariki","Two Children",630
"35–39 Years","Waiariki","Two Children",681
"40–44 Years","Waiariki","Two Children",687
"45–49 Years","Waiariki","Two Children",624
"50–54 Years","Waiariki","Two Children",594
"55–59 Years","Waiariki","Two Children",549
"60–64 Years","Waiariki","Two Children",348
"65–69 Years","Waiariki","Two Children",207
"70–74 Years","Waiariki","Two Children",108
"75–79 Years","Waiariki","Two Children",69
"80–84 Years","Waiariki","Two Children",39
"85 Years And Over","Waiariki","Two Children",15
"15–19 Years","Area Outside Māori Electorate","Two Children",NA
"20–24 Years","Area Outside Māori Electorate","Two Children",NA
"25–29 Years","Area Outside Māori Electorate","Two Children",NA
"30–34 Years","Area Outside Māori Electorate","Two Children",NA
"35–39 Years","Area Outside Māori Electorate","Two Children",NA
"40–44 Years","Area Outside Māori Electorate","Two Children",NA
"45–49 Years","Area Outside Māori Electorate","Two Children",NA
"50–54 Years","Area Outside Māori Electorate","Two Children",NA
"55–59 Years","Area Outside Māori Electorate","Two Children",NA
"60–64 Years","Area Outside Māori Electorate","Two Children",NA
"65–69 Years","Area Outside Māori Electorate","Two Children",NA
"70–74 Years","Area Outside Māori Electorate","Two Children",NA
"75–79 Years","Area Outside Māori Electorate","Two Children",NA
"80–84 Years","Area Outside Māori Electorate","Two Children",NA
"85 Years And Over","Area Outside Māori Electorate","Two Children",NA
"15–19 Years","Hauraki-Waikato","Three Children",3
"20–24 Years","Hauraki-Waikato","Three Children",150
"25–29 Years","Hauraki-Waikato","Three Children",405
"30–34 Years","Hauraki-Waikato","Three Children",492
"35–39 Years","Hauraki-Waikato","Three Children",585
"40–44 Years","Hauraki-Waikato","Three Children",669
"45–49 Years","Hauraki-Waikato","Three Children",525
"50–54 Years","Hauraki-Waikato","Three Children",576
"55–59 Years","Hauraki-Waikato","Three Children",459
"60–64 Years","Hauraki-Waikato","Three Children",318
"65–69 Years","Hauraki-Waikato","Three Children",237
"70–74 Years","Hauraki-Waikato","Three Children",120
"75–79 Years","Hauraki-Waikato","Three Children",69
"80–84 Years","Hauraki-Waikato","Three Children",36
"85 Years And Over","Hauraki-Waikato","Three Children",33
"15–19 Years","Ikaroa-Rāwhiti","Three Children",6
"20–24 Years","Ikaroa-Rāwhiti","Three Children",138
"25–29 Years","Ikaroa-Rāwhiti","Three Children",390
"30–34 Years","Ikaroa-Rāwhiti","Three Children",504
"35–39 Years","Ikaroa-Rāwhiti","Three Children",585
"40–44 Years","Ikaroa-Rāwhiti","Three Children",600
"45–49 Years","Ikaroa-Rāwhiti","Three Children",543
"50–54 Years","Ikaroa-Rāwhiti","Three Children",570
"55–59 Years","Ikaroa-Rāwhiti","Three Children",438
"60–64 Years","Ikaroa-Rāwhiti","Three Children",342
"65–69 Years","Ikaroa-Rāwhiti","Three Children",210
"70–74 Years","Ikaroa-Rāwhiti","Three Children",117
"75–79 Years","Ikaroa-Rāwhiti","Three Children",63
"80–84 Years","Ikaroa-Rāwhiti","Three Children",30
"85 Years And Over","Ikaroa-Rāwhiti","Three Children",21
"15–19 Years","Tāmaki Makaurau","Three Children",3
"20–24 Years","Tāmaki Makaurau","Three Children",138
"25–29 Years","Tāmaki Makaurau","Three Children",312
"30–34 Years","Tāmaki Makaurau","Three Children",369
"35–39 Years","Tāmaki Makaurau","Three Children",483
"40–44 Years","Tāmaki Makaurau","Three Children",537
"45–49 Years","Tāmaki Makaurau","Three Children",516
"50–54 Years","Tāmaki Makaurau","Three Children",474
"55–59 Years","Tāmaki Makaurau","Three Children",357
"60–64 Years","Tāmaki Makaurau","Three Children",270
"65–69 Years","Tāmaki Makaurau","Three Children",180
"70–74 Years","Tāmaki Makaurau","Three Children",120
"75–79 Years","Tāmaki Makaurau","Three Children",57
"80–84 Years","Tāmaki Makaurau","Three Children",39
"85 Years And Over","Tāmaki Makaurau","Three Children",21
"15–19 Years","Te Tai Hauāuru","Three Children",3
"20–24 Years","Te Tai Hauāuru","Three Children",141
"25–29 Years","Te Tai Hauāuru","Three Children",423
"30–34 Years","Te Tai Hauāuru","Three Children",552
"35–39 Years","Te Tai Hauāuru","Three Children",663
"40–44 Years","Te Tai Hauāuru","Three Children",651
"45–49 Years","Te Tai Hauāuru","Three Children",648
"50–54 Years","Te Tai Hauāuru","Three Children",624
"55–59 Years","Te Tai Hauāuru","Three Children",498
"60–64 Years","Te Tai Hauāuru","Three Children",357
"65–69 Years","Te Tai Hauāuru","Three Children",231
"70–74 Years","Te Tai Hauāuru","Three Children",147
"75–79 Years","Te Tai Hauāuru","Three Children",84
"80–84 Years","Te Tai Hauāuru","Three Children",36
"85 Years And Over","Te Tai Hauāuru","Three Children",27
"15–19 Years","Te Tai Tokerau","Three Children",3
"20–24 Years","Te Tai Tokerau","Three Children",120
"25–29 Years","Te Tai Tokerau","Three Children",384
"30–34 Years","Te Tai Tokerau","Three Children",453
"35–39 Years","Te Tai Tokerau","Three Children",576
"40–44 Years","Te Tai Tokerau","Three Children",618
"45–49 Years","Te Tai Tokerau","Three Children",597
"50–54 Years","Te Tai Tokerau","Three Children",669
"55–59 Years","Te Tai Tokerau","Three Children",528
"60–64 Years","Te Tai Tokerau","Three Children",426
"65–69 Years","Te Tai Tokerau","Three Children",288
"70–74 Years","Te Tai Tokerau","Three Children",189
"75–79 Years","Te Tai Tokerau","Three Children",99
"80–84 Years","Te Tai Tokerau","Three Children",66
"85 Years And Over","Te Tai Tokerau","Three Children",36
"15–19 Years","Te Tai Tonga","Three Children",0
"20–24 Years","Te Tai Tonga","Three Children",111
"25–29 Years","Te Tai Tonga","Three Children",363
"30–34 Years","Te Tai Tonga","Three Children",522
"35–39 Years","Te Tai Tonga","Three Children",753
"40–44 Years","Te Tai Tonga","Three Children",834
"45–49 Years","Te Tai Tonga","Three Children",762
"50–54 Years","Te Tai Tonga","Three Children",780
"55–59 Years","Te Tai Tonga","Three Children",555
"60–64 Years","Te Tai Tonga","Three Children",474
"65–69 Years","Te Tai Tonga","Three Children",303
"70–74 Years","Te Tai Tonga","Three Children",189
"75–79 Years","Te Tai Tonga","Three Children",111
"80–84 Years","Te Tai Tonga","Three Children",57
"85 Years And Over","Te Tai Tonga","Three Children",42
"15–19 Years","Waiariki","Three Children",3
"20–24 Years","Waiariki","Three Children",132
"25–29 Years","Waiariki","Three Children",384
"30–34 Years","Waiariki","Three Children",495
"35–39 Years","Waiariki","Three Children",630
"40–44 Years","Waiariki","Three Children",573
"45–49 Years","Waiariki","Three Children",573
"50–54 Years","Waiariki","Three Children",543
"55–59 Years","Waiariki","Three Children",495
"60–64 Years","Waiariki","Three Children",342
"65–69 Years","Waiariki","Three Children",219
"70–74 Years","Waiariki","Three Children",150
"75–79 Years","Waiariki","Three Children",69
"80–84 Years","Waiariki","Three Children",33
"85 Years And Over","Waiariki","Three Children",18
"15–19 Years","Area Outside Māori Electorate","Three Children",NA
"20–24 Years","Area Outside Māori Electorate","Three Children",NA
"25–29 Years","Area Outside Māori Electorate","Three Children",NA
"30–34 Years","Area Outside Māori Electorate","Three Children",NA
"35–39 Years","Area Outside Māori Electorate","Three Children",NA
"40–44 Years","Area Outside Māori Electorate","Three Children",NA
"45–49 Years","Area Outside Māori Electorate","Three Children",NA
"50–54 Years","Area Outside Māori Electorate","Three Children",NA
"55–59 Years","Area Outside Māori Electorate","Three Children",NA
"60–64 Years","Area Outside Māori Electorate","Three Children",NA
"65–69 Years","Area Outside Māori Electorate","Three Children",NA
"70–74 Years","Area Outside Māori Electorate","Three Children",NA
"75–79 Years","Area Outside Māori Electorate","Three Children",NA
"80–84 Years","Area Outside Māori Electorate","Three Children",NA
"85 Years And Over","Area Outside Māori Electorate","Three Children",NA
"15–19 Years","Hauraki-Waikato","Four Children",0
"20–24 Years","Hauraki-Waikato","Four Children",42
"25–29 Years","Hauraki-Waikato","Four Children",177
"30–34 Years","Hauraki-Waikato","Four Children",324
"35–39 Years","Hauraki-Waikato","Four Children",381
"40–44 Years","Hauraki-Waikato","Four Children",384
"45–49 Years","Hauraki-Waikato","Four Children",408
"50–54 Years","Hauraki-Waikato","Four Children",399
"55–59 Years","Hauraki-Waikato","Four Children",306
"60–64 Years","Hauraki-Waikato","Four Children",246
"65–69 Years","Hauraki-Waikato","Four Children",159
"70–74 Years","Hauraki-Waikato","Four Children",90
"75–79 Years","Hauraki-Waikato","Four Children",54
"80–84 Years","Hauraki-Waikato","Four Children",42
"85 Years And Over","Hauraki-Waikato","Four Children",9
"15–19 Years","Ikaroa-Rāwhiti","Four Children",0
"20–24 Years","Ikaroa-Rāwhiti","Four Children",30
"25–29 Years","Ikaroa-Rāwhiti","Four Children",162
"30–34 Years","Ikaroa-Rāwhiti","Four Children",282
"35–39 Years","Ikaroa-Rāwhiti","Four Children",333
"40–44 Years","Ikaroa-Rāwhiti","Four Children",378
"45–49 Years","Ikaroa-Rāwhiti","Four Children",351
"50–54 Years","Ikaroa-Rāwhiti","Four Children",375
"55–59 Years","Ikaroa-Rāwhiti","Four Children",303
"60–64 Years","Ikaroa-Rāwhiti","Four Children",267
"65–69 Years","Ikaroa-Rāwhiti","Four Children",186
"70–74 Years","Ikaroa-Rāwhiti","Four Children",111
"75–79 Years","Ikaroa-Rāwhiti","Four Children",57
"80–84 Years","Ikaroa-Rāwhiti","Four Children",39
"85 Years And Over","Ikaroa-Rāwhiti","Four Children",15
"15–19 Years","Tāmaki Makaurau","Four Children",0
"20–24 Years","Tāmaki Makaurau","Four Children",36
"25–29 Years","Tāmaki Makaurau","Four Children",141
"30–34 Years","Tāmaki Makaurau","Four Children",246
"35–39 Years","Tāmaki Makaurau","Four Children",243
"40–44 Years","Tāmaki Makaurau","Four Children",336
"45–49 Years","Tāmaki Makaurau","Four Children",333
"50–54 Years","Tāmaki Makaurau","Four Children",321
"55–59 Years","Tāmaki Makaurau","Four Children",276
"60–64 Years","Tāmaki Makaurau","Four Children",201
"65–69 Years","Tāmaki Makaurau","Four Children",156
"70–74 Years","Tāmaki Makaurau","Four Children",90
"75–79 Years","Tāmaki Makaurau","Four Children",51
"80–84 Years","Tāmaki Makaurau","Four Children",24
"85 Years And Over","Tāmaki Makaurau","Four Children",27
"15–19 Years","Te Tai Hauāuru","Four Children",0
"20–24 Years","Te Tai Hauāuru","Four Children",51
"25–29 Years","Te Tai Hauāuru","Four Children",162
"30–34 Years","Te Tai Hauāuru","Four Children",288
"35–39 Years","Te Tai Hauāuru","Four Children",384
"40–44 Years","Te Tai Hauāuru","Four Children",423
"45–49 Years","Te Tai Hauāuru","Four Children",429
"50–54 Years","Te Tai Hauāuru","Four Children",426
"55–59 Years","Te Tai Hauāuru","Four Children",315
"60–64 Years","Te Tai Hauāuru","Four Children",303
"65–69 Years","Te Tai Hauāuru","Four Children",207
"70–74 Years","Te Tai Hauāuru","Four Children",129
"75–79 Years","Te Tai Hauāuru","Four Children",99
"80–84 Years","Te Tai Hauāuru","Four Children",39
"85 Years And Over","Te Tai Hauāuru","Four Children",24
"15–19 Years","Te Tai Tokerau","Four Children",0
"20–24 Years","Te Tai Tokerau","Four Children",30
"25–29 Years","Te Tai Tokerau","Four Children",159
"30–34 Years","Te Tai Tokerau","Four Children",243
"35–39 Years","Te Tai Tokerau","Four Children",327
"40–44 Years","Te Tai Tokerau","Four Children",390
"45–49 Years","Te Tai Tokerau","Four Children",369
"50–54 Years","Te Tai Tokerau","Four Children",417
"55–59 Years","Te Tai Tokerau","Four Children",333
"60–64 Years","Te Tai Tokerau","Four Children",252
"65–69 Years","Te Tai Tokerau","Four Children",198
"70–74 Years","Te Tai Tokerau","Four Children",117
"75–79 Years","Te Tai Tokerau","Four Children",90
"80–84 Years","Te Tai Tokerau","Four Children",45
"85 Years And Over","Te Tai Tokerau","Four Children",24
"15–19 Years","Te Tai Tonga","Four Children",0
"20–24 Years","Te Tai Tonga","Four Children",18
"25–29 Years","Te Tai Tonga","Four Children",105
"30–34 Years","Te Tai Tonga","Four Children",252
"35–39 Years","Te Tai Tonga","Four Children",294
"40–44 Years","Te Tai Tonga","Four Children",384
"45–49 Years","Te Tai Tonga","Four Children",369
"50–54 Years","Te Tai Tonga","Four Children",420
"55–59 Years","Te Tai Tonga","Four Children",306
"60–64 Years","Te Tai Tonga","Four Children",240
"65–69 Years","Te Tai Tonga","Four Children",174
"70–74 Years","Te Tai Tonga","Four Children",147
"75–79 Years","Te Tai Tonga","Four Children",66
"80–84 Years","Te Tai Tonga","Four Children",48
"85 Years And Over","Te Tai Tonga","Four Children",30
"15–19 Years","Waiariki","Four Children",0
"20–24 Years","Waiariki","Four Children",27
"25–29 Years","Waiariki","Four Children",156
"30–34 Years","Waiariki","Four Children",288
"35–39 Years","Waiariki","Four Children",321
"40–44 Years","Waiariki","Four Children",402
"45–49 Years","Waiariki","Four Children",351
"50–54 Years","Waiariki","Four Children",450
"55–59 Years","Waiariki","Four Children",300
"60–64 Years","Waiariki","Four Children",273
"65–69 Years","Waiariki","Four Children",168
"70–74 Years","Waiariki","Four Children",126
"75–79 Years","Waiariki","Four Children",66
"80–84 Years","Waiariki","Four Children",54
"85 Years And Over","Waiariki","Four Children",21
"15–19 Years","Area Outside Māori Electorate","Four Children",NA
"20–24 Years","Area Outside Māori Electorate","Four Children",NA
"25–29 Years","Area Outside Māori Electorate","Four Children",NA
"30–34 Years","Area Outside Māori Electorate","Four Children",NA
"35–39 Years","Area Outside Māori Electorate","Four Children",NA
"40–44 Years","Area Outside Māori Electorate","Four Children",NA
"45–49 Years","Area Outside Māori Electorate","Four Children",NA
"50–54 Years","Area Outside Māori Electorate","Four Children",NA
"55–59 Years","Area Outside Māori Electorate","Four Children",NA
"60–64 Years","Area Outside Māori Electorate","Four Children",NA
"65–69 Years","Area Outside Māori Electorate","Four Children",NA
"70–74 Years","Area Outside Māori Electorate","Four Children",NA
"75–79 Years","Area Outside Māori Electorate","Four Children",NA
"80–84 Years","Area Outside Māori Electorate","Four Children",NA
"85 Years And Over","Area Outside Māori Electorate","Four Children",NA
"15–19 Years","Hauraki-Waikato","Five Children",0
"20–24 Years","Hauraki-Waikato","Five Children",15
"25–29 Years","Hauraki-Waikato","Five Children",78
"30–34 Years","Hauraki-Waikato","Five Children",144
"35–39 Years","Hauraki-Waikato","Five Children",186
"40–44 Years","Hauraki-Waikato","Five Children",228
"45–49 Years","Hauraki-Waikato","Five Children",210
"50–54 Years","Hauraki-Waikato","Five Children",210
"55–59 Years","Hauraki-Waikato","Five Children",162
"60–64 Years","Hauraki-Waikato","Five Children",120
"65–69 Years","Hauraki-Waikato","Five Children",105
"70–74 Years","Hauraki-Waikato","Five Children",84
"75–79 Years","Hauraki-Waikato","Five Children",51
"80–84 Years","Hauraki-Waikato","Five Children",21
"85 Years And Over","Hauraki-Waikato","Five Children",21
"15–19 Years","Ikaroa-Rāwhiti","Five Children",0
"20–24 Years","Ikaroa-Rāwhiti","Five Children",9
"25–29 Years","Ikaroa-Rāwhiti","Five Children",78
"30–34 Years","Ikaroa-Rāwhiti","Five Children",123
"35–39 Years","Ikaroa-Rāwhiti","Five Children",180
"40–44 Years","Ikaroa-Rāwhiti","Five Children",201
"45–49 Years","Ikaroa-Rāwhiti","Five Children",195
"50–54 Years","Ikaroa-Rāwhiti","Five Children",183
"55–59 Years","Ikaroa-Rāwhiti","Five Children",189
"60–64 Years","Ikaroa-Rāwhiti","Five Children",141
"65–69 Years","Ikaroa-Rāwhiti","Five Children",114
"70–74 Years","Ikaroa-Rāwhiti","Five Children",93
"75–79 Years","Ikaroa-Rāwhiti","Five Children",57
"80–84 Years","Ikaroa-Rāwhiti","Five Children",27
"85 Years And Over","Ikaroa-Rāwhiti","Five Children",15
"15–19 Years","Tāmaki Makaurau","Five Children",0
"20–24 Years","Tāmaki Makaurau","Five Children",9
"25–29 Years","Tāmaki Makaurau","Five Children",51
"30–34 Years","Tāmaki Makaurau","Five Children",87
"35–39 Years","Tāmaki Makaurau","Five Children",150
"40–44 Years","Tāmaki Makaurau","Five Children",162
"45–49 Years","Tāmaki Makaurau","Five Children",162
"50–54 Years","Tāmaki Makaurau","Five Children",147
"55–59 Years","Tāmaki Makaurau","Five Children",129
"60–64 Years","Tāmaki Makaurau","Five Children",132
"65–69 Years","Tāmaki Makaurau","Five Children",99
"70–74 Years","Tāmaki Makaurau","Five Children",66
"75–79 Years","Tāmaki Makaurau","Five Children",36
"80–84 Years","Tāmaki Makaurau","Five Children",24
"85 Years And Over","Tāmaki Makaurau","Five Children",15
"15–19 Years","Te Tai Hauāuru","Five Children",0
"20–24 Years","Te Tai Hauāuru","Five Children",9
"25–29 Years","Te Tai Hauāuru","Five Children",72
"30–34 Years","Te Tai Hauāuru","Five Children",126
"35–39 Years","Te Tai Hauāuru","Five Children",171
"40–44 Years","Te Tai Hauāuru","Five Children",204
"45–49 Years","Te Tai Hauāuru","Five Children",195
"50–54 Years","Te Tai Hauāuru","Five Children",246
"55–59 Years","Te Tai Hauāuru","Five Children",168
"60–64 Years","Te Tai Hauāuru","Five Children",150
"65–69 Years","Te Tai Hauāuru","Five Children",120
"70–74 Years","Te Tai Hauāuru","Five Children",99
"75–79 Years","Te Tai Hauāuru","Five Children",57
"80–84 Years","Te Tai Hauāuru","Five Children",36
"85 Years And Over","Te Tai Hauāuru","Five Children",15
"15–19 Years","Te Tai Tokerau","Five Children",0
"20–24 Years","Te Tai Tokerau","Five Children",6
"25–29 Years","Te Tai Tokerau","Five Children",57
"30–34 Years","Te Tai Tokerau","Five Children",102
"35–39 Years","Te Tai Tokerau","Five Children",126
"40–44 Years","Te Tai Tokerau","Five Children",165
"45–49 Years","Te Tai Tokerau","Five Children",183
"50–54 Years","Te Tai Tokerau","Five Children",192
"55–59 Years","Te Tai Tokerau","Five Children",150
"60–64 Years","Te Tai Tokerau","Five Children",147
"65–69 Years","Te Tai Tokerau","Five Children",129
"70–74 Years","Te Tai Tokerau","Five Children",111
"75–79 Years","Te Tai Tokerau","Five Children",69
"80–84 Years","Te Tai Tokerau","Five Children",27
"85 Years And Over","Te Tai Tokerau","Five Children",24
"15–19 Years","Te Tai Tonga","Five Children",0
"20–24 Years","Te Tai Tonga","Five Children",3
"25–29 Years","Te Tai Tonga","Five Children",30
"30–34 Years","Te Tai Tonga","Five Children",90
"35–39 Years","Te Tai Tonga","Five Children",111
"40–44 Years","Te Tai Tonga","Five Children",171
"45–49 Years","Te Tai Tonga","Five Children",168
"50–54 Years","Te Tai Tonga","Five Children",159
"55–59 Years","Te Tai Tonga","Five Children",105
"60–64 Years","Te Tai Tonga","Five Children",93
"65–69 Years","Te Tai Tonga","Five Children",90
"70–74 Years","Te Tai Tonga","Five Children",93
"75–79 Years","Te Tai Tonga","Five Children",57
"80–84 Years","Te Tai Tonga","Five Children",42
"85 Years And Over","Te Tai Tonga","Five Children",24
"15–19 Years","Waiariki","Five Children",0
"20–24 Years","Waiariki","Five Children",9
"25–29 Years","Waiariki","Five Children",48
"30–34 Years","Waiariki","Five Children",123
"35–39 Years","Waiariki","Five Children",159
"40–44 Years","Waiariki","Five Children",219
"45–49 Years","Waiariki","Five Children",204
"50–54 Years","Waiariki","Five Children",213
"55–59 Years","Waiariki","Five Children",165
"60–64 Years","Waiariki","Five Children",135
"65–69 Years","Waiariki","Five Children",99
"70–74 Years","Waiariki","Five Children",96
"75–79 Years","Waiariki","Five Children",51
"80–84 Years","Waiariki","Five Children",36
"85 Years And Over","Waiariki","Five Children",18
"15–19 Years","Area Outside Māori Electorate","Five Children",NA
"20–24 Years","Area Outside Māori Electorate","Five Children",NA
"25–29 Years","Area Outside Māori Electorate","Five Children",NA
"30–34 Years","Area Outside Māori Electorate","Five Children",NA
"35–39 Years","Area Outside Māori Electorate","Five Children",NA
"40–44 Years","Area Outside Māori Electorate","Five Children",NA
"45–49 Years","Area Outside Māori Electorate","Five Children",NA
"50–54 Years","Area Outside Māori Electorate","Five Children",NA
"55–59 Years","Area Outside Māori Electorate","Five Children",NA
"60–64 Years","Area Outside Māori Electorate","Five Children",NA
"65–69 Years","Area Outside Māori Electorate","Five Children",NA
"70–74 Years","Area Outside Māori Electorate","Five Children",NA
"75–79 Years","Area Outside Māori Electorate","Five Children",NA
"80–84 Years","Area Outside Māori Electorate","Five Children",NA
"85 Years And Over","Area Outside Māori Electorate","Five Children",NA
"15–19 Years","Hauraki-Waikato","Six or More Children",3
"20–24 Years","Hauraki-Waikato","Six or More Children",0
"25–29 Years","Hauraki-Waikato","Six or More Children",45
"30–34 Years","Hauraki-Waikato","Six or More Children",111
"35–39 Years","Hauraki-Waikato","Six or More Children",177
"40–44 Years","Hauraki-Waikato","Six or More Children",234
"45–49 Years","Hauraki-Waikato","Six or More Children",219
"50–54 Years","Hauraki-Waikato","Six or More Children",201
"55–59 Years","Hauraki-Waikato","Six or More Children",156
"60–64 Years","Hauraki-Waikato","Six or More Children",150
"65–69 Years","Hauraki-Waikato","Six or More Children",141
"70–74 Years","Hauraki-Waikato","Six or More Children",156
"75–79 Years","Hauraki-Waikato","Six or More Children",102
"80–84 Years","Hauraki-Waikato","Six or More Children",81
"85 Years And Over","Hauraki-Waikato","Six or More Children",39
"15–19 Years","Ikaroa-Rāwhiti","Six or More Children",0
"20–24 Years","Ikaroa-Rāwhiti","Six or More Children",3
"25–29 Years","Ikaroa-Rāwhiti","Six or More Children",27
"30–34 Years","Ikaroa-Rāwhiti","Six or More Children",102
"35–39 Years","Ikaroa-Rāwhiti","Six or More Children",156
"40–44 Years","Ikaroa-Rāwhiti","Six or More Children",204
"45–49 Years","Ikaroa-Rāwhiti","Six or More Children",189
"50–54 Years","Ikaroa-Rāwhiti","Six or More Children",171
"55–59 Years","Ikaroa-Rāwhiti","Six or More Children",132
"60–64 Years","Ikaroa-Rāwhiti","Six or More Children",126
"65–69 Years","Ikaroa-Rāwhiti","Six or More Children",162
"70–74 Years","Ikaroa-Rāwhiti","Six or More Children",180
"75–79 Years","Ikaroa-Rāwhiti","Six or More Children",159
"80–84 Years","Ikaroa-Rāwhiti","Six or More Children",96
"85 Years And Over","Ikaroa-Rāwhiti","Six or More Children",60
"15–19 Years","Tāmaki Makaurau","Six or More Children",3
"20–24 Years","Tāmaki Makaurau","Six or More Children",3
"25–29 Years","Tāmaki Makaurau","Six or More Children",36
"30–34 Years","Tāmaki Makaurau","Six or More Children",117
"35–39 Years","Tāmaki Makaurau","Six or More Children",156
"40–44 Years","Tāmaki Makaurau","Six or More Children",192
"45–49 Years","Tāmaki Makaurau","Six or More Children",177
"50–54 Years","Tāmaki Makaurau","Six or More Children",147
"55–59 Years","Tāmaki Makaurau","Six or More Children",141
"60–64 Years","Tāmaki Makaurau","Six or More Children",108
"65–69 Years","Tāmaki Makaurau","Six or More Children",84
"70–74 Years","Tāmaki Makaurau","Six or More Children",129
"75–79 Years","Tāmaki Makaurau","Six or More Children",87
"80–84 Years","Tāmaki Makaurau","Six or More Children",54
"85 Years And Over","Tāmaki Makaurau","Six or More Children",27
"15–19 Years","Te Tai Hauāuru","Six or More Children",0
"20–24 Years","Te Tai Hauāuru","Six or More Children",6
"25–29 Years","Te Tai Hauāuru","Six or More Children",24
"30–34 Years","Te Tai Hauāuru","Six or More Children",96
"35–39 Years","Te Tai Hauāuru","Six or More Children",186
"40–44 Years","Te Tai Hauāuru","Six or More Children",186
"45–49 Years","Te Tai Hauāuru","Six or More Children",195
"50–54 Years","Te Tai Hauāuru","Six or More Children",183
"55–59 Years","Te Tai Hauāuru","Six or More Children",129
"60–64 Years","Te Tai Hauāuru","Six or More Children",153
"65–69 Years","Te Tai Hauāuru","Six or More Children",138
"70–74 Years","Te Tai Hauāuru","Six or More Children",201
"75–79 Years","Te Tai Hauāuru","Six or More Children",144
"80–84 Years","Te Tai Hauāuru","Six or More Children",87
"85 Years And Over","Te Tai Hauāuru","Six or More Children",48
"15–19 Years","Te Tai Tokerau","Six or More Children",0
"20–24 Years","Te Tai Tokerau","Six or More Children",3
"25–29 Years","Te Tai Tokerau","Six or More Children",18
"30–34 Years","Te Tai Tokerau","Six or More Children",105
"35–39 Years","Te Tai Tokerau","Six or More Children",156
"40–44 Years","Te Tai Tokerau","Six or More Children",210
"45–49 Years","Te Tai Tokerau","Six or More Children",213
"50–54 Years","Te Tai Tokerau","Six or More Children",192
"55–59 Years","Te Tai Tokerau","Six or More Children",150
"60–64 Years","Te Tai Tokerau","Six or More Children",108
"65–69 Years","Te Tai Tokerau","Six or More Children",132
"70–74 Years","Te Tai Tokerau","Six or More Children",156
"75–79 Years","Te Tai Tokerau","Six or More Children",156
"80–84 Years","Te Tai Tokerau","Six or More Children",93
"85 Years And Over","Te Tai Tokerau","Six or More Children",63
"15–19 Years","Te Tai Tonga","Six or More Children",0
"20–24 Years","Te Tai Tonga","Six or More Children",3
"25–29 Years","Te Tai Tonga","Six or More Children",18
"30–34 Years","Te Tai Tonga","Six or More Children",54
"35–39 Years","Te Tai Tonga","Six or More Children",81
"40–44 Years","Te Tai Tonga","Six or More Children",99
"45–49 Years","Te Tai Tonga","Six or More Children",126
"50–54 Years","Te Tai Tonga","Six or More Children",105
"55–59 Years","Te Tai Tonga","Six or More Children",87
"60–64 Years","Te Tai Tonga","Six or More Children",66
"65–69 Years","Te Tai Tonga","Six or More Children",75
"70–74 Years","Te Tai Tonga","Six or More Children",75
"75–79 Years","Te Tai Tonga","Six or More Children",78
"80–84 Years","Te Tai Tonga","Six or More Children",54
"85 Years And Over","Te Tai Tonga","Six or More Children",27
"15–19 Years","Waiariki","Six or More Children",0
"20–24 Years","Waiariki","Six or More Children",3
"25–29 Years","Waiariki","Six or More Children",30
"30–34 Years","Waiariki","Six or More Children",96
"35–39 Years","Waiariki","Six or More Children",171
"40–44 Years","Waiariki","Six or More Children",162
"45–49 Years","Waiariki","Six or More Children",177
"50–54 Years","Waiariki","Six or More Children",171
"55–59 Years","Waiariki","Six or More Children",156
"60–64 Years","Waiariki","Six or More Children",129
"65–69 Years","Waiariki","Six or More Children",144
"70–74 Years","Waiariki","Six or More Children",180
"75–79 Years","Waiariki","Six or More Children",144
"80–84 Years","Waiariki","Six or More Children",120
"85 Years And Over","Waiariki","Six or More Children",63
"15–19 Years","Area Outside Māori Electorate","Six or More Children",NA
"20–24 Years","Area Outside Māori Electorate","Six or More Children",NA
"25–29 Years","Area Outside Māori Electorate","Six or More Children",NA
"30–34 Years","Area Outside Māori Electorate","Six or More Children",NA
"35–39 Years","Area Outside Māori Electorate","Six or More Children",NA
"40–44 Years","Area Outside Māori Electorate","Six or More Children",NA
"45–49 Years","Area Outside Māori Electorate","Six or More Children",NA
"50–54 Years","Area Outside Māori Electorate","Six or More Children",NA
"55–59 Years","Area Outside Māori Electorate","Six or More Children",NA
"60–64 Years","Area Outside Māori Electorate","Six or More Children",NA
"65–69 Years","Area Outside Māori Electorate","Six or More Children",NA
"70–74 Years","Area Outside Māori Electorate","Six or More Children",NA
"75–79 Years","Area Outside Māori Electorate","Six or More Children",NA
"80–84 Years","Area Outside Māori Electorate","Six or More Children",NA
"85 Years And Over","Area Outside Māori Electorate","Six or More Children",NA
"15–19 Years","Hauraki-Waikato","Object to Answering",72
"20–24 Years","Hauraki-Waikato","Object to Answering",78
"25–29 Years","Hauraki-Waikato","Object to Answering",87
"30–34 Years","Hauraki-Waikato","Object to Answering",90
"35–39 Years","Hauraki-Waikato","Object to Answering",117
"40–44 Years","Hauraki-Waikato","Object to Answering",165
"45–49 Years","Hauraki-Waikato","Object to Answering",153
"50–54 Years","Hauraki-Waikato","Object to Answering",159
"55–59 Years","Hauraki-Waikato","Object to Answering",144
"60–64 Years","Hauraki-Waikato","Object to Answering",96
"65–69 Years","Hauraki-Waikato","Object to Answering",72
"70–74 Years","Hauraki-Waikato","Object to Answering",51
"75–79 Years","Hauraki-Waikato","Object to Answering",24
"80–84 Years","Hauraki-Waikato","Object to Answering",21
"85 Years And Over","Hauraki-Waikato","Object to Answering",9
"15–19 Years","Ikaroa-Rāwhiti","Object to Answering",63
"20–24 Years","Ikaroa-Rāwhiti","Object to Answering",57
"25–29 Years","Ikaroa-Rāwhiti","Object to Answering",63
"30–34 Years","Ikaroa-Rāwhiti","Object to Answering",78
"35–39 Years","Ikaroa-Rāwhiti","Object to Answering",87
"40–44 Years","Ikaroa-Rāwhiti","Object to Answering",132
"45–49 Years","Ikaroa-Rāwhiti","Object to Answering",129
"50–54 Years","Ikaroa-Rāwhiti","Object to Answering",171
"55–59 Years","Ikaroa-Rāwhiti","Object to Answering",129
"60–64 Years","Ikaroa-Rāwhiti","Object to Answering",96
"65–69 Years","Ikaroa-Rāwhiti","Object to Answering",75
"70–74 Years","Ikaroa-Rāwhiti","Object to Answering",57
"75–79 Years","Ikaroa-Rāwhiti","Object to Answering",51
"80–84 Years","Ikaroa-Rāwhiti","Object to Answering",21
"85 Years And Over","Ikaroa-Rāwhiti","Object to Answering",9
"15–19 Years","Tāmaki Makaurau","Object to Answering",81
"20–24 Years","Tāmaki Makaurau","Object to Answering",96
"25–29 Years","Tāmaki Makaurau","Object to Answering",111
"30–34 Years","Tāmaki Makaurau","Object to Answering",105
"35–39 Years","Tāmaki Makaurau","Object to Answering",126
"40–44 Years","Tāmaki Makaurau","Object to Answering",147
"45–49 Years","Tāmaki Makaurau","Object to Answering",129
"50–54 Years","Tāmaki Makaurau","Object to Answering",156
"55–59 Years","Tāmaki Makaurau","Object to Answering",132
"60–64 Years","Tāmaki Makaurau","Object to Answering",105
"65–69 Years","Tāmaki Makaurau","Object to Answering",72
"70–74 Years","Tāmaki Makaurau","Object to Answering",45
"75–79 Years","Tāmaki Makaurau","Object to Answering",33
"80–84 Years","Tāmaki Makaurau","Object to Answering",18
"85 Years And Over","Tāmaki Makaurau","Object to Answering",9
"15–19 Years","Te Tai Hauāuru","Object to Answering",72
"20–24 Years","Te Tai Hauāuru","Object to Answering",78
"25–29 Years","Te Tai Hauāuru","Object to Answering",84
"30–34 Years","Te Tai Hauāuru","Object to Answering",78
"35–39 Years","Te Tai Hauāuru","Object to Answering",105
"40–44 Years","Te Tai Hauāuru","Object to Answering",171
"45–49 Years","Te Tai Hauāuru","Object to Answering",168
"50–54 Years","Te Tai Hauāuru","Object to Answering",186
"55–59 Years","Te Tai Hauāuru","Object to Answering",138
"60–64 Years","Te Tai Hauāuru","Object to Answering",126
"65–69 Years","Te Tai Hauāuru","Object to Answering",84
"70–74 Years","Te Tai Hauāuru","Object to Answering",60
"75–79 Years","Te Tai Hauāuru","Object to Answering",39
"80–84 Years","Te Tai Hauāuru","Object to Answering",18
"85 Years And Over","Te Tai Hauāuru","Object to Answering",12
"15–19 Years","Te Tai Tokerau","Object to Answering",72
"20–24 Years","Te Tai Tokerau","Object to Answering",96
"25–29 Years","Te Tai Tokerau","Object to Answering",72
"30–34 Years","Te Tai Tokerau","Object to Answering",93
"35–39 Years","Te Tai Tokerau","Object to Answering",114
"40–44 Years","Te Tai Tokerau","Object to Answering",153
"45–49 Years","Te Tai Tokerau","Object to Answering",171
"50–54 Years","Te Tai Tokerau","Object to Answering",180
"55–59 Years","Te Tai Tokerau","Object to Answering",147
"60–64 Years","Te Tai Tokerau","Object to Answering",105
"65–69 Years","Te Tai Tokerau","Object to Answering",81
"70–74 Years","Te Tai Tokerau","Object to Answering",69
"75–79 Years","Te Tai Tokerau","Object to Answering",39
"80–84 Years","Te Tai Tokerau","Object to Answering",24
"85 Years And Over","Te Tai Tokerau","Object to Answering",12
"15–19 Years","Te Tai Tonga","Object to Answering",99
"20–24 Years","Te Tai Tonga","Object to Answering",147
"25–29 Years","Te Tai Tonga","Object to Answering",114
"30–34 Years","Te Tai Tonga","Object to Answering",117
"35–39 Years","Te Tai Tonga","Object to Answering",138
"40–44 Years","Te Tai Tonga","Object to Answering",183
"45–49 Years","Te Tai Tonga","Object to Answering",192
"50–54 Years","Te Tai Tonga","Object to Answering",195
"55–59 Years","Te Tai Tonga","Object to Answering",120
"60–64 Years","Te Tai Tonga","Object to Answering",102
"65–69 Years","Te Tai Tonga","Object to Answering",72
"70–74 Years","Te Tai Tonga","Object to Answering",54
"75–79 Years","Te Tai Tonga","Object to Answering",30
"80–84 Years","Te Tai Tonga","Object to Answering",12
"85 Years And Over","Te Tai Tonga","Object to Answering",6
"15–19 Years","Waiariki","Object to Answering",51
"20–24 Years","Waiariki","Object to Answering",63
"25–29 Years","Waiariki","Object to Answering",60
"30–34 Years","Waiariki","Object to Answering",84
"35–39 Years","Waiariki","Object to Answering",90
"40–44 Years","Waiariki","Object to Answering",117
"45–49 Years","Waiariki","Object to Answering",141
"50–54 Years","Waiariki","Object to Answering",138
"55–59 Years","Waiariki","Object to Answering",138
"60–64 Years","Waiariki","Object to Answering",93
"65–69 Years","Waiariki","Object to Answering",81
"70–74 Years","Waiariki","Object to Answering",75
"75–79 Years","Waiariki","Object to Answering",36
"80–84 Years","Waiariki","Object to Answering",21
"85 Years And Over","Waiariki","Object to Answering",6
"15–19 Years","Area Outside Māori Electorate","Object to Answering",NA
"20–24 Years","Area Outside Māori Electorate","Object to Answering",NA
"25–29 Years","Area Outside Māori Electorate","Object to Answering",NA
"30–34 Years","Area Outside Māori Electorate","Object to Answering",NA
"35–39 Years","Area Outside Māori Electorate","Object to Answering",NA
"40–44 Years","Area Outside Māori Electorate","Object to Answering",NA
"45–49 Years","Area Outside Māori Electorate","Object to Answering",NA
"50–54 Years","Area Outside Māori Electorate","Object to Answering",NA
"55–59 Years","Area Outside Māori Electorate","Object to Answering",NA
"60–64 Years","Area Outside Māori Electorate","Object to Answering",NA
"65–69 Years","Area Outside Māori Electorate","Object to Answering",NA
"70–74 Years","Area Outside Māori Electorate","Object to Answering",NA
"75–79 Years","Area Outside Māori Electorate","Object to Answering",NA
"80–84 Years","Area Outside Māori Electorate","Object to Answering",NA
"85 Years And Over","Area Outside Māori Electorate","Object to Answering",NA
"15–19 Years","Hauraki-Waikato","Not Elsewhere Included(2)",183
"20–24 Years","Hauraki-Waikato","Not Elsewhere Included(2)",72
"25–29 Years","Hauraki-Waikato","Not Elsewhere Included(2)",48
"30–34 Years","Hauraki-Waikato","Not Elsewhere Included(2)",33
"35–39 Years","Hauraki-Waikato","Not Elsewhere Included(2)",51
"40–44 Years","Hauraki-Waikato","Not Elsewhere Included(2)",63
"45–49 Years","Hauraki-Waikato","Not Elsewhere Included(2)",66
"50–54 Years","Hauraki-Waikato","Not Elsewhere Included(2)",66
"55–59 Years","Hauraki-Waikato","Not Elsewhere Included(2)",48
"60–64 Years","Hauraki-Waikato","Not Elsewhere Included(2)",42
"65–69 Years","Hauraki-Waikato","Not Elsewhere Included(2)",45
"70–74 Years","Hauraki-Waikato","Not Elsewhere Included(2)",42
"75–79 Years","Hauraki-Waikato","Not Elsewhere Included(2)",18
"80–84 Years","Hauraki-Waikato","Not Elsewhere Included(2)",27
"85 Years And Over","Hauraki-Waikato","Not Elsewhere Included(2)",12
"15–19 Years","Ikaroa-Rāwhiti","Not Elsewhere Included(2)",180
"20–24 Years","Ikaroa-Rāwhiti","Not Elsewhere Included(2)",69
"25–29 Years","Ikaroa-Rāwhiti","Not Elsewhere Included(2)",63
"30–34 Years","Ikaroa-Rāwhiti","Not Elsewhere Included(2)",39
"35–39 Years","Ikaroa-Rāwhiti","Not Elsewhere Included(2)",42
"40–44 Years","Ikaroa-Rāwhiti","Not Elsewhere Included(2)",60
"45–49 Years","Ikaroa-Rāwhiti","Not Elsewhere Included(2)",63
"50–54 Years","Ikaroa-Rāwhiti","Not Elsewhere Included(2)",78
"55–59 Years","Ikaroa-Rāwhiti","Not Elsewhere Included(2)",60
"60–64 Years","Ikaroa-Rāwhiti","Not Elsewhere Included(2)",66
"65–69 Years","Ikaroa-Rāwhiti","Not Elsewhere Included(2)",48
"70–74 Years","Ikaroa-Rāwhiti","Not Elsewhere Included(2)",39
"75–79 Years","Ikaroa-Rāwhiti","Not Elsewhere Included(2)",36
"80–84 Years","Ikaroa-Rāwhiti","Not Elsewhere Included(2)",18
"85 Years And Over","Ikaroa-Rāwhiti","Not Elsewhere Included(2)",18
"15–19 Years","Tāmaki Makaurau","Not Elsewhere Included(2)",168
"20–24 Years","Tāmaki Makaurau","Not Elsewhere Included(2)",66
"25–29 Years","Tāmaki Makaurau","Not Elsewhere Included(2)",60
"30–34 Years","Tāmaki Makaurau","Not Elsewhere Included(2)",54
"35–39 Years","Tāmaki Makaurau","Not Elsewhere Included(2)",45
"40–44 Years","Tāmaki Makaurau","Not Elsewhere Included(2)",63
"45–49 Years","Tāmaki Makaurau","Not Elsewhere Included(2)",57
"50–54 Years","Tāmaki Makaurau","Not Elsewhere Included(2)",60
"55–59 Years","Tāmaki Makaurau","Not Elsewhere Included(2)",69
"60–64 Years","Tāmaki Makaurau","Not Elsewhere Included(2)",42
"65–69 Years","Tāmaki Makaurau","Not Elsewhere Included(2)",39
"70–74 Years","Tāmaki Makaurau","Not Elsewhere Included(2)",45
"75–79 Years","Tāmaki Makaurau","Not Elsewhere Included(2)",18
"80–84 Years","Tāmaki Makaurau","Not Elsewhere Included(2)",18
"85 Years And Over","Tāmaki Makaurau","Not Elsewhere Included(2)",0
"15–19 Years","Te Tai Hauāuru","Not Elsewhere Included(2)",189
"20–24 Years","Te Tai Hauāuru","Not Elsewhere Included(2)",63
"25–29 Years","Te Tai Hauāuru","Not Elsewhere Included(2)",54
"30–34 Years","Te Tai Hauāuru","Not Elsewhere Included(2)",48
"35–39 Years","Te Tai Hauāuru","Not Elsewhere Included(2)",45
"40–44 Years","Te Tai Hauāuru","Not Elsewhere Included(2)",75
"45–49 Years","Te Tai Hauāuru","Not Elsewhere Included(2)",57
"50–54 Years","Te Tai Hauāuru","Not Elsewhere Included(2)",84
"55–59 Years","Te Tai Hauāuru","Not Elsewhere Included(2)",66
"60–64 Years","Te Tai Hauāuru","Not Elsewhere Included(2)",54
"65–69 Years","Te Tai Hauāuru","Not Elsewhere Included(2)",42
"70–74 Years","Te Tai Hauāuru","Not Elsewhere Included(2)",24
"75–79 Years","Te Tai Hauāuru","Not Elsewhere Included(2)",33
"80–84 Years","Te Tai Hauāuru","Not Elsewhere Included(2)",18
"85 Years And Over","Te Tai Hauāuru","Not Elsewhere Included(2)",15
"15–19 Years","Te Tai Tokerau","Not Elsewhere Included(2)",192
"20–24 Years","Te Tai Tokerau","Not Elsewhere Included(2)",54
"25–29 Years","Te Tai Tokerau","Not Elsewhere Included(2)",51
"30–34 Years","Te Tai Tokerau","Not Elsewhere Included(2)",42
"35–39 Years","Te Tai Tokerau","Not Elsewhere Included(2)",36
"40–44 Years","Te Tai Tokerau","Not Elsewhere Included(2)",54
"45–49 Years","Te Tai Tokerau","Not Elsewhere Included(2)",63
"50–54 Years","Te Tai Tokerau","Not Elsewhere Included(2)",72
"55–59 Years","Te Tai Tokerau","Not Elsewhere Included(2)",66
"60–64 Years","Te Tai Tokerau","Not Elsewhere Included(2)",60
"65–69 Years","Te Tai Tokerau","Not Elsewhere Included(2)",33
"70–74 Years","Te Tai Tokerau","Not Elsewhere Included(2)",42
"75–79 Years","Te Tai Tokerau","Not Elsewhere Included(2)",30
"80–84 Years","Te Tai Tokerau","Not Elsewhere Included(2)",18
"85 Years And Over","Te Tai Tokerau","Not Elsewhere Included(2)",6
"15–19 Years","Te Tai Tonga","Not Elsewhere Included(2)",165
"20–24 Years","Te Tai Tonga","Not Elsewhere Included(2)",81
"25–29 Years","Te Tai Tonga","Not Elsewhere Included(2)",36
"30–34 Years","Te Tai Tonga","Not Elsewhere Included(2)",33
"35–39 Years","Te Tai Tonga","Not Elsewhere Included(2)",48
"40–44 Years","Te Tai Tonga","Not Elsewhere Included(2)",69
"45–49 Years","Te Tai Tonga","Not Elsewhere Included(2)",69
"50–54 Years","Te Tai Tonga","Not Elsewhere Included(2)",75
"55–59 Years","Te Tai Tonga","Not Elsewhere Included(2)",63
"60–64 Years","Te Tai Tonga","Not Elsewhere Included(2)",51
"65–69 Years","Te Tai Tonga","Not Elsewhere Included(2)",39
"70–74 Years","Te Tai Tonga","Not Elsewhere Included(2)",30
"75–79 Years","Te Tai Tonga","Not Elsewhere Included(2)",21
"80–84 Years","Te Tai Tonga","Not Elsewhere Included(2)",18
"85 Years And Over","Te Tai Tonga","Not Elsewhere Included(2)",6
"15–19 Years","Waiariki","Not Elsewhere Included(2)",180
"20–24 Years","Waiariki","Not Elsewhere Included(2)",87
"25–29 Years","Waiariki","Not Elsewhere Included(2)",54
"30–34 Years","Waiariki","Not Elsewhere Included(2)",36
"35–39 Years","Waiariki","Not Elsewhere Included(2)",45
"40–44 Years","Waiariki","Not Elsewhere Included(2)",57
"45–49 Years","Waiariki","Not Elsewhere Included(2)",78
"50–54 Years","Waiariki","Not Elsewhere Included(2)",72
"55–59 Years","Waiariki","Not Elsewhere Included(2)",54
"60–64 Years","Waiariki","Not Elsewhere Included(2)",63
"65–69 Years","Waiariki","Not Elsewhere Included(2)",36
"70–74 Years","Waiariki","Not Elsewhere Included(2)",42
"75–79 Years","Waiariki","Not Elsewhere Included(2)",30
"80–84 Years","Waiariki","Not Elsewhere Included(2)",12
"85 Years And Over","Waiariki","Not Elsewhere Included(2)",15
"15–19 Years","Area Outside Māori Electorate","Not Elsewhere Included(2)",NA
"20–24 Years","Area Outside Māori Electorate","Not Elsewhere Included(2)",NA
"25–29 Years","Area Outside Māori Electorate","Not Elsewhere Included(2)",NA
"30–34 Years","Area Outside Māori Electorate","Not Elsewhere Included(2)",NA
"35–39 Years","Area Outside Māori Electorate","Not Elsewhere Included(2)",NA
"40–44 Years","Area Outside Māori Electorate","Not Elsewhere Included(2)",NA
"45–49 Years","Area Outside Māori Electorate","Not Elsewhere Included(2)",NA
"50–54 Years","Area Outside Māori Electorate","Not Elsewhere Included(2)",NA
"55–59 Years","Area Outside Māori Electorate","Not Elsewhere Included(2)",NA
"60–64 Years","Area Outside Māori Electorate","Not Elsewhere Included(2)",NA
"65–69 Years","Area Outside Māori Electorate","Not Elsewhere Included(2)",NA
"70–74 Years","Area Outside Māori Electorate","Not Elsewhere Included(2)",NA
"75–79 Years","Area Outside Māori Electorate","Not Elsewhere Included(2)",NA
"80–84 Years","Area Outside Māori Electorate","Not Elsewhere Included(2)",NA
"85 Years And Over","Area Outside Māori Electorate","Not Elsewhere Included(2)",NA
