"level0","level1","Total household income(1)","count"
"Auckland Central","North Island general electorates","Loss",318
"Bay of Plenty","North Island general electorates","Loss",192
"Botany","North Island general electorates","Loss",261
"Coromandel","North Island general electorates","Loss",273
"East Coast","North Island general electorates","Loss",273
"East Coast Bays","North Island general electorates","Loss",216
"Epsom","North Island general electorates","Loss",228
"Hamilton East","North Island general electorates","Loss",156
"Hamilton West","North Island general electorates","Loss",177
"Helensville","North Island general electorates","Loss",195
"Hunua","North Island general electorates","Loss",237
"Hutt South","North Island general electorates","Loss",117
"Kelston","North Island general electorates","Loss",252
"Mana","North Island general electorates","Loss",144
"Mangere","North Island general electorates","Loss",255
"Manukau East","North Island general electorates","Loss",447
"Manurewa","North Island general electorates","Loss",423
"Maungakiekie","North Island general electorates","Loss",273
"Mt Albert","North Island general electorates","Loss",135
"Mt Roskill","North Island general electorates","Loss",246
"Napier","North Island general electorates","Loss",204
"New Lynn","North Island general electorates","Loss",156
"New Plymouth","North Island general electorates","Loss",153
"North Shore","North Island general electorates","Loss",153
"Northcote","North Island general electorates","Loss",174
"Northland","North Island general electorates","Loss",498
"Ohariu","North Island general electorates","Loss",42
"Otaki","North Island general electorates","Loss",156
"Pakuranga","North Island general electorates","Loss",243
"Palmerston North","North Island general electorates","Loss",141
"Papakura","North Island general electorates","Loss",237
"Rangitikei","North Island general electorates","Loss",291
"Rimutaka","North Island general electorates","Loss",156
"Rodney","North Island general electorates","Loss",165
"Rongotai","North Island general electorates","Loss",129
"Rotorua","North Island general electorates","Loss",249
"Tamaki","North Island general electorates","Loss",141
"Taranaki-King Country","North Island general electorates","Loss",219
"Taupo","North Island general electorates","Loss",234
"Tauranga","North Island general electorates","Loss",141
"Te Atatu","North Island general electorates","Loss",252
"Tukituki","North Island general electorates","Loss",195
"Upper Harbour","North Island general electorates","Loss",252
"Waikato","North Island general electorates","Loss",291
"Wairarapa","North Island general electorates","Loss",258
"Wellington Central","North Island general electorates","Loss",117
"Whanganui","North Island general electorates","Loss",192
"Whangarei","North Island general electorates","Loss",234
"Christchurch Central","South Island general electorates","Loss",183
"Christchurch East","South Island general electorates","Loss",153
"Clutha-Southland","South Island general electorates","Loss",276
"Dunedin North","South Island general electorates","Loss",162
"Dunedin South","South Island general electorates","Loss",120
"Ilam","South Island general electorates","Loss",126
"Invercargill","South Island general electorates","Loss",156
"Kaikoura","South Island general electorates","Loss",300
"Nelson","South Island general electorates","Loss",150
"Port Hills","South Island general electorates","Loss",99
"Rangitata","South Island general electorates","Loss",114
"Selwyn","South Island general electorates","Loss",153
"Waimakariri","South Island general electorates","Loss",102
"Waitaki","South Island general electorates","Loss",240
"West Coast-Tasman","South Island general electorates","Loss",234
"Wigram","South Island general electorates","Loss",99
"Area Outside General Electorate","South Island general electorates","Loss",NA
"Auckland Central","North Island general electorates","Zero income",1353
"Bay of Plenty","North Island general electorates","Zero income",171
"Botany","North Island general electorates","Zero income",372
"Coromandel","North Island general electorates","Zero income",180
"East Coast","North Island general electorates","Zero income",336
"East Coast Bays","North Island general electorates","Zero income",348
"Epsom","North Island general electorates","Zero income",462
"Hamilton East","North Island general electorates","Zero income",309
"Hamilton West","North Island general electorates","Zero income",279
"Helensville","North Island general electorates","Zero income",189
"Hunua","North Island general electorates","Zero income",228
"Hutt South","North Island general electorates","Zero income",186
"Kelston","North Island general electorates","Zero income",294
"Mana","North Island general electorates","Zero income",219
"Mangere","North Island general electorates","Zero income",276
"Manukau East","North Island general electorates","Zero income",384
"Manurewa","North Island general electorates","Zero income",435
"Maungakiekie","North Island general electorates","Zero income",198
"Mt Albert","North Island general electorates","Zero income",306
"Mt Roskill","North Island general electorates","Zero income",339
"Napier","North Island general electorates","Zero income",237
"New Lynn","North Island general electorates","Zero income",348
"New Plymouth","North Island general electorates","Zero income",210
"North Shore","North Island general electorates","Zero income",351
"Northcote","North Island general electorates","Zero income",210
"Northland","North Island general electorates","Zero income",387
"Ohariu","North Island general electorates","Zero income",135
"Otaki","North Island general electorates","Zero income",231
"Pakuranga","North Island general electorates","Zero income",339
"Palmerston North","North Island general electorates","Zero income",204
"Papakura","North Island general electorates","Zero income",300
"Rangitikei","North Island general electorates","Zero income",189
"Rimutaka","North Island general electorates","Zero income",210
"Rodney","North Island general electorates","Zero income",141
"Rongotai","North Island general electorates","Zero income",189
"Rotorua","North Island general electorates","Zero income",234
"Tamaki","North Island general electorates","Zero income",258
"Taranaki-King Country","North Island general electorates","Zero income",198
"Taupo","North Island general electorates","Zero income",177
"Tauranga","North Island general electorates","Zero income",243
"Te Atatu","North Island general electorates","Zero income",279
"Tukituki","North Island general electorates","Zero income",234
"Upper Harbour","North Island general electorates","Zero income",237
"Waikato","North Island general electorates","Zero income",213
"Wairarapa","North Island general electorates","Zero income",171
"Wellington Central","North Island general electorates","Zero income",228
"Whanganui","North Island general electorates","Zero income",255
"Whangarei","North Island general electorates","Zero income",246
"Christchurch Central","South Island general electorates","Zero income",198
"Christchurch East","South Island general electorates","Zero income",138
"Clutha-Southland","South Island general electorates","Zero income",126
"Dunedin North","South Island general electorates","Zero income",225
"Dunedin South","South Island general electorates","Zero income",126
"Ilam","South Island general electorates","Zero income",216
"Invercargill","South Island general electorates","Zero income",168
"Kaikoura","South Island general electorates","Zero income",138
"Nelson","South Island general electorates","Zero income",168
"Port Hills","South Island general electorates","Zero income",138
"Rangitata","South Island general electorates","Zero income",102
"Selwyn","South Island general electorates","Zero income",114
"Waimakariri","South Island general electorates","Zero income",117
"Waitaki","South Island general electorates","Zero income",216
"West Coast-Tasman","South Island general electorates","Zero income",174
"Wigram","South Island general electorates","Zero income",207
"Area Outside General Electorate","South Island general electorates","Zero income",NA
"Auckland Central","North Island general electorates","$1–$5,000",1092
"Bay of Plenty","North Island general electorates","$1–$5,000",321
"Botany","North Island general electorates","$1–$5,000",531
"Coromandel","North Island general electorates","$1–$5,000",498
"East Coast","North Island general electorates","$1–$5,000",798
"East Coast Bays","North Island general electorates","$1–$5,000",375
"Epsom","North Island general electorates","$1–$5,000",495
"Hamilton East","North Island general electorates","$1–$5,000",708
"Hamilton West","North Island general electorates","$1–$5,000",510
"Helensville","North Island general electorates","$1–$5,000",234
"Hunua","North Island general electorates","$1–$5,000",366
"Hutt South","North Island general electorates","$1–$5,000",324
"Kelston","North Island general electorates","$1–$5,000",471
"Mana","North Island general electorates","$1–$5,000",435
"Mangere","North Island general electorates","$1–$5,000",954
"Manukau East","North Island general electorates","$1–$5,000",966
"Manurewa","North Island general electorates","$1–$5,000",876
"Maungakiekie","North Island general electorates","$1–$5,000",669
"Mt Albert","North Island general electorates","$1–$5,000",399
"Mt Roskill","North Island general electorates","$1–$5,000",561
"Napier","North Island general electorates","$1–$5,000",498
"New Lynn","North Island general electorates","$1–$5,000",498
"New Plymouth","North Island general electorates","$1–$5,000",345
"North Shore","North Island general electorates","$1–$5,000",378
"Northcote","North Island general electorates","$1–$5,000",393
"Northland","North Island general electorates","$1–$5,000",777
"Ohariu","North Island general electorates","$1–$5,000",192
"Otaki","North Island general electorates","$1–$5,000",354
"Pakuranga","North Island general electorates","$1–$5,000",402
"Palmerston North","North Island general electorates","$1–$5,000",489
"Papakura","North Island general electorates","$1–$5,000",570
"Rangitikei","North Island general electorates","$1–$5,000",384
"Rimutaka","North Island general electorates","$1–$5,000",456
"Rodney","North Island general electorates","$1–$5,000",291
"Rongotai","North Island general electorates","$1–$5,000",276
"Rotorua","North Island general electorates","$1–$5,000",540
"Tamaki","North Island general electorates","$1–$5,000",306
"Taranaki-King Country","North Island general electorates","$1–$5,000",324
"Taupo","North Island general electorates","$1–$5,000",423
"Tauranga","North Island general electorates","$1–$5,000",387
"Te Atatu","North Island general electorates","$1–$5,000",534
"Tukituki","North Island general electorates","$1–$5,000",471
"Upper Harbour","North Island general electorates","$1–$5,000",438
"Waikato","North Island general electorates","$1–$5,000",375
"Wairarapa","North Island general electorates","$1–$5,000",414
"Wellington Central","North Island general electorates","$1–$5,000",387
"Whanganui","North Island general electorates","$1–$5,000",426
"Whangarei","North Island general electorates","$1–$5,000",498
"Christchurch Central","South Island general electorates","$1–$5,000",366
"Christchurch East","South Island general electorates","$1–$5,000",258
"Clutha-Southland","South Island general electorates","$1–$5,000",270
"Dunedin North","South Island general electorates","$1–$5,000",489
"Dunedin South","South Island general electorates","$1–$5,000",273
"Ilam","South Island general electorates","$1–$5,000",309
"Invercargill","South Island general electorates","$1–$5,000",342
"Kaikoura","South Island general electorates","$1–$5,000",312
"Nelson","South Island general electorates","$1–$5,000",396
"Port Hills","South Island general electorates","$1–$5,000",207
"Rangitata","South Island general electorates","$1–$5,000",252
"Selwyn","South Island general electorates","$1–$5,000",144
"Waimakariri","South Island general electorates","$1–$5,000",159
"Waitaki","South Island general electorates","$1–$5,000",258
"West Coast-Tasman","South Island general electorates","$1–$5,000",327
"Wigram","South Island general electorates","$1–$5,000",336
"Area Outside General Electorate","South Island general electorates","$1–$5,000",NA
"Auckland Central","North Island general electorates","$5,001– $10,000",960
"Bay of Plenty","North Island general electorates","$5,001– $10,000",411
"Botany","North Island general electorates","$5,001– $10,000",468
"Coromandel","North Island general electorates","$5,001– $10,000",648
"East Coast","North Island general electorates","$5,001– $10,000",993
"East Coast Bays","North Island general electorates","$5,001– $10,000",357
"Epsom","North Island general electorates","$5,001– $10,000",414
"Hamilton East","North Island general electorates","$5,001– $10,000",672
"Hamilton West","North Island general electorates","$5,001– $10,000",609
"Helensville","North Island general electorates","$5,001– $10,000",312
"Hunua","North Island general electorates","$5,001– $10,000",300
"Hutt South","North Island general electorates","$5,001– $10,000",381
"Kelston","North Island general electorates","$5,001– $10,000",531
"Mana","North Island general electorates","$5,001– $10,000",471
"Mangere","North Island general electorates","$5,001– $10,000",861
"Manukau East","North Island general electorates","$5,001– $10,000",876
"Manurewa","North Island general electorates","$5,001– $10,000",903
"Maungakiekie","North Island general electorates","$5,001– $10,000",768
"Mt Albert","North Island general electorates","$5,001– $10,000",432
"Mt Roskill","North Island general electorates","$5,001– $10,000",594
"Napier","North Island general electorates","$5,001– $10,000",624
"New Lynn","North Island general electorates","$5,001– $10,000",546
"New Plymouth","North Island general electorates","$5,001– $10,000",480
"North Shore","North Island general electorates","$5,001– $10,000",429
"Northcote","North Island general electorates","$5,001– $10,000",402
"Northland","North Island general electorates","$5,001– $10,000",1062
"Ohariu","North Island general electorates","$5,001– $10,000",210
"Otaki","North Island general electorates","$5,001– $10,000",486
"Pakuranga","North Island general electorates","$5,001– $10,000",417
"Palmerston North","North Island general electorates","$5,001– $10,000",642
"Papakura","North Island general electorates","$5,001– $10,000",624
"Rangitikei","North Island general electorates","$5,001– $10,000",546
"Rimutaka","North Island general electorates","$5,001– $10,000",543
"Rodney","North Island general electorates","$5,001– $10,000",297
"Rongotai","North Island general electorates","$5,001– $10,000",402
"Rotorua","North Island general electorates","$5,001– $10,000",660
"Tamaki","North Island general electorates","$5,001– $10,000",402
"Taranaki-King Country","North Island general electorates","$5,001– $10,000",408
"Taupo","North Island general electorates","$5,001– $10,000",537
"Tauranga","North Island general electorates","$5,001– $10,000",429
"Te Atatu","North Island general electorates","$5,001– $10,000",531
"Tukituki","North Island general electorates","$5,001– $10,000",594
"Upper Harbour","North Island general electorates","$5,001– $10,000",432
"Waikato","North Island general electorates","$5,001– $10,000",459
"Wairarapa","North Island general electorates","$5,001– $10,000",480
"Wellington Central","North Island general electorates","$5,001– $10,000",525
"Whanganui","North Island general electorates","$5,001– $10,000",603
"Whangarei","North Island general electorates","$5,001– $10,000",618
"Christchurch Central","South Island general electorates","$5,001– $10,000",480
"Christchurch East","South Island general electorates","$5,001– $10,000",447
"Clutha-Southland","South Island general electorates","$5,001– $10,000",327
"Dunedin North","South Island general electorates","$5,001– $10,000",825
"Dunedin South","South Island general electorates","$5,001– $10,000",360
"Ilam","South Island general electorates","$5,001– $10,000",366
"Invercargill","South Island general electorates","$5,001– $10,000",456
"Kaikoura","South Island general electorates","$5,001– $10,000",393
"Nelson","South Island general electorates","$5,001– $10,000",393
"Port Hills","South Island general electorates","$5,001– $10,000",261
"Rangitata","South Island general electorates","$5,001– $10,000",303
"Selwyn","South Island general electorates","$5,001– $10,000",174
"Waimakariri","South Island general electorates","$5,001– $10,000",213
"Waitaki","South Island general electorates","$5,001– $10,000",381
"West Coast-Tasman","South Island general electorates","$5,001– $10,000",516
"Wigram","South Island general electorates","$5,001– $10,000",465
"Area Outside General Electorate","South Island general electorates","$5,001– $10,000",NA
"Auckland Central","North Island general electorates","$10,001– $15,000",981
"Bay of Plenty","North Island general electorates","$10,001– $15,000",822
"Botany","North Island general electorates","$10,001– $15,000",636
"Coromandel","North Island general electorates","$10,001– $15,000",1425
"East Coast","North Island general electorates","$10,001– $15,000",2064
"East Coast Bays","North Island general electorates","$10,001– $15,000",474
"Epsom","North Island general electorates","$10,001– $15,000",468
"Hamilton East","North Island general electorates","$10,001– $15,000",1089
"Hamilton West","North Island general electorates","$10,001– $15,000",948
"Helensville","North Island general electorates","$10,001– $15,000",438
"Hunua","North Island general electorates","$10,001– $15,000",543
"Hutt South","North Island general electorates","$10,001– $15,000",792
"Kelston","North Island general electorates","$10,001– $15,000",708
"Mana","North Island general electorates","$10,001– $15,000",804
"Mangere","North Island general electorates","$10,001– $15,000",822
"Manukau East","North Island general electorates","$10,001– $15,000",879
"Manurewa","North Island general electorates","$10,001– $15,000",906
"Maungakiekie","North Island general electorates","$10,001– $15,000",960
"Mt Albert","North Island general electorates","$10,001– $15,000",666
"Mt Roskill","North Island general electorates","$10,001– $15,000",897
"Napier","North Island general electorates","$10,001– $15,000",1311
"New Lynn","North Island general electorates","$10,001– $15,000",723
"New Plymouth","North Island general electorates","$10,001– $15,000",1107
"North Shore","North Island general electorates","$10,001– $15,000",561
"Northcote","North Island general electorates","$10,001– $15,000",630
"Northland","North Island general electorates","$10,001– $15,000",1854
"Ohariu","North Island general electorates","$10,001– $15,000",330
"Otaki","North Island general electorates","$10,001– $15,000",1242
"Pakuranga","North Island general electorates","$10,001– $15,000",558
"Palmerston North","North Island general electorates","$10,001– $15,000",1347
"Papakura","North Island general electorates","$10,001– $15,000",846
"Rangitikei","North Island general electorates","$10,001– $15,000",1161
"Rimutaka","North Island general electorates","$10,001– $15,000",1074
"Rodney","North Island general electorates","$10,001– $15,000",702
"Rongotai","North Island general electorates","$10,001– $15,000",726
"Rotorua","North Island general electorates","$10,001– $15,000",1296
"Tamaki","North Island general electorates","$10,001– $15,000",525
"Taranaki-King Country","North Island general electorates","$10,001– $15,000",891
"Taupo","North Island general electorates","$10,001– $15,000",1149
"Tauranga","North Island general electorates","$10,001– $15,000",867
"Te Atatu","North Island general electorates","$10,001– $15,000",822
"Tukituki","North Island general electorates","$10,001– $15,000",1188
"Upper Harbour","North Island general electorates","$10,001– $15,000",690
"Waikato","North Island general electorates","$10,001– $15,000",882
"Wairarapa","North Island general electorates","$10,001– $15,000",1311
"Wellington Central","North Island general electorates","$10,001– $15,000",738
"Whanganui","North Island general electorates","$10,001– $15,000",1671
"Whangarei","North Island general electorates","$10,001– $15,000",1362
"Christchurch Central","South Island general electorates","$10,001– $15,000",1110
"Christchurch East","South Island general electorates","$10,001– $15,000",1041
"Clutha-Southland","South Island general electorates","$10,001– $15,000",720
"Dunedin North","South Island general electorates","$10,001– $15,000",1455
"Dunedin South","South Island general electorates","$10,001– $15,000",996
"Ilam","South Island general electorates","$10,001– $15,000",687
"Invercargill","South Island general electorates","$10,001– $15,000",1053
"Kaikoura","South Island general electorates","$10,001– $15,000",846
"Nelson","South Island general electorates","$10,001– $15,000",906
"Port Hills","South Island general electorates","$10,001– $15,000",645
"Rangitata","South Island general electorates","$10,001– $15,000",900
"Selwyn","South Island general electorates","$10,001– $15,000",366
"Waimakariri","South Island general electorates","$10,001– $15,000",522
"Waitaki","South Island general electorates","$10,001– $15,000",879
"West Coast-Tasman","South Island general electorates","$10,001– $15,000",1128
"Wigram","South Island general electorates","$10,001– $15,000",888
"Area Outside General Electorate","South Island general electorates","$10,001– $15,000",NA
"Auckland Central","North Island general electorates","$15,001– $20,000",1332
"Bay of Plenty","North Island general electorates","$15,001– $20,000",1578
"Botany","North Island general electorates","$15,001– $20,000",816
"Coromandel","North Island general electorates","$15,001– $20,000",2349
"East Coast","North Island general electorates","$15,001– $20,000",3066
"East Coast Bays","North Island general electorates","$15,001– $20,000",906
"Epsom","North Island general electorates","$15,001– $20,000",810
"Hamilton East","North Island general electorates","$15,001– $20,000",1788
"Hamilton West","North Island general electorates","$15,001– $20,000",1647
"Helensville","North Island general electorates","$15,001– $20,000",840
"Hunua","North Island general electorates","$15,001– $20,000",1017
"Hutt South","North Island general electorates","$15,001– $20,000",1335
"Kelston","North Island general electorates","$15,001– $20,000",1407
"Mana","North Island general electorates","$15,001– $20,000",1371
"Mangere","North Island general electorates","$15,001– $20,000",1134
"Manukau East","North Island general electorates","$15,001– $20,000",1569
"Manurewa","North Island general electorates","$15,001– $20,000",1539
"Maungakiekie","North Island general electorates","$15,001– $20,000",1521
"Mt Albert","North Island general electorates","$15,001– $20,000",1116
"Mt Roskill","North Island general electorates","$15,001– $20,000",1575
"Napier","North Island general electorates","$15,001– $20,000",2196
"New Lynn","North Island general electorates","$15,001– $20,000",1374
"New Plymouth","North Island general electorates","$15,001– $20,000",1854
"North Shore","North Island general electorates","$15,001– $20,000",1056
"Northcote","North Island general electorates","$15,001– $20,000",1101
"Northland","North Island general electorates","$15,001– $20,000",3003
"Ohariu","North Island general electorates","$15,001– $20,000",639
"Otaki","North Island general electorates","$15,001– $20,000",2244
"Pakuranga","North Island general electorates","$15,001– $20,000",1026
"Palmerston North","North Island general electorates","$15,001– $20,000",1914
"Papakura","North Island general electorates","$15,001– $20,000",1395
"Rangitikei","North Island general electorates","$15,001– $20,000",1977
"Rimutaka","North Island general electorates","$15,001– $20,000",1686
"Rodney","North Island general electorates","$15,001– $20,000",1341
"Rongotai","North Island general electorates","$15,001– $20,000",1209
"Rotorua","North Island general electorates","$15,001– $20,000",2025
"Tamaki","North Island general electorates","$15,001– $20,000",837
"Taranaki-King Country","North Island general electorates","$15,001– $20,000",1455
"Taupo","North Island general electorates","$15,001– $20,000",2019
"Tauranga","North Island general electorates","$15,001– $20,000",1740
"Te Atatu","North Island general electorates","$15,001– $20,000",1401
"Tukituki","North Island general electorates","$15,001– $20,000",1962
"Upper Harbour","North Island general electorates","$15,001– $20,000",930
"Waikato","North Island general electorates","$15,001– $20,000",1566
"Wairarapa","North Island general electorates","$15,001– $20,000",2148
"Wellington Central","North Island general electorates","$15,001– $20,000",987
"Whanganui","North Island general electorates","$15,001– $20,000",2415
"Whangarei","North Island general electorates","$15,001– $20,000",2196
"Christchurch Central","South Island general electorates","$15,001– $20,000",1605
"Christchurch East","South Island general electorates","$15,001– $20,000",1665
"Clutha-Southland","South Island general electorates","$15,001– $20,000",1308
"Dunedin North","South Island general electorates","$15,001– $20,000",2013
"Dunedin South","South Island general electorates","$15,001– $20,000",1818
"Ilam","South Island general electorates","$15,001– $20,000",1245
"Invercargill","South Island general electorates","$15,001– $20,000",1701
"Kaikoura","South Island general electorates","$15,001– $20,000",1572
"Nelson","South Island general electorates","$15,001– $20,000",1758
"Port Hills","South Island general electorates","$15,001– $20,000",1161
"Rangitata","South Island general electorates","$15,001– $20,000",1722
"Selwyn","South Island general electorates","$15,001– $20,000",675
"Waimakariri","South Island general electorates","$15,001– $20,000",1080
"Waitaki","South Island general electorates","$15,001– $20,000",1656
"West Coast-Tasman","South Island general electorates","$15,001– $20,000",1866
"Wigram","South Island general electorates","$15,001– $20,000",1527
"Area Outside General Electorate","South Island general electorates","$15,001– $20,000",NA
"Auckland Central","North Island general electorates","$20,001– $25,000",1323
"Bay of Plenty","North Island general electorates","$20,001– $25,000",1683
"Botany","North Island general electorates","$20,001– $25,000",909
"Coromandel","North Island general electorates","$20,001– $25,000",2478
"East Coast","North Island general electorates","$20,001– $25,000",3075
"East Coast Bays","North Island general electorates","$20,001– $25,000",1089
"Epsom","North Island general electorates","$20,001– $25,000",945
"Hamilton East","North Island general electorates","$20,001– $25,000",1875
"Hamilton West","North Island general electorates","$20,001– $25,000",1731
"Helensville","North Island general electorates","$20,001– $25,000",867
"Hunua","North Island general electorates","$20,001– $25,000",1245
"Hutt South","North Island general electorates","$20,001– $25,000",1431
"Kelston","North Island general electorates","$20,001– $25,000",1443
"Mana","North Island general electorates","$20,001– $25,000",1497
"Mangere","North Island general electorates","$20,001– $25,000",1104
"Manukau East","North Island general electorates","$20,001– $25,000",1215
"Manurewa","North Island general electorates","$20,001– $25,000",1377
"Maungakiekie","North Island general electorates","$20,001– $25,000",1254
"Mt Albert","North Island general electorates","$20,001– $25,000",1047
"Mt Roskill","North Island general electorates","$20,001– $25,000",1218
"Napier","North Island general electorates","$20,001– $25,000",2340
"New Lynn","North Island general electorates","$20,001– $25,000",1446
"New Plymouth","North Island general electorates","$20,001– $25,000",1983
"North Shore","North Island general electorates","$20,001– $25,000",1254
"Northcote","North Island general electorates","$20,001– $25,000",1284
"Northland","North Island general electorates","$20,001– $25,000",3105
"Ohariu","North Island general electorates","$20,001– $25,000",726
"Otaki","North Island general electorates","$20,001– $25,000",2793
"Pakuranga","North Island general electorates","$20,001– $25,000",1263
"Palmerston North","North Island general electorates","$20,001– $25,000",2241
"Papakura","North Island general electorates","$20,001– $25,000",1503
"Rangitikei","North Island general electorates","$20,001– $25,000",1872
"Rimutaka","North Island general electorates","$20,001– $25,000",1914
"Rodney","North Island general electorates","$20,001– $25,000",1599
"Rongotai","North Island general electorates","$20,001– $25,000",1212
"Rotorua","North Island general electorates","$20,001– $25,000",2322
"Tamaki","North Island general electorates","$20,001– $25,000",948
"Taranaki-King Country","North Island general electorates","$20,001– $25,000",1725
"Taupo","North Island general electorates","$20,001– $25,000",2160
"Tauranga","North Island general electorates","$20,001– $25,000",2217
"Te Atatu","North Island general electorates","$20,001– $25,000",1545
"Tukituki","North Island general electorates","$20,001– $25,000",2031
"Upper Harbour","North Island general electorates","$20,001– $25,000",1110
"Waikato","North Island general electorates","$20,001– $25,000",1617
"Wairarapa","North Island general electorates","$20,001– $25,000",2400
"Wellington Central","North Island general electorates","$20,001– $25,000",1221
"Whanganui","North Island general electorates","$20,001– $25,000",2679
"Whangarei","North Island general electorates","$20,001– $25,000",2358
"Christchurch Central","South Island general electorates","$20,001– $25,000",1848
"Christchurch East","South Island general electorates","$20,001– $25,000",1794
"Clutha-Southland","South Island general electorates","$20,001– $25,000",1464
"Dunedin North","South Island general electorates","$20,001– $25,000",2259
"Dunedin South","South Island general electorates","$20,001– $25,000",2241
"Ilam","South Island general electorates","$20,001– $25,000",1455
"Invercargill","South Island general electorates","$20,001– $25,000",2178
"Kaikoura","South Island general electorates","$20,001– $25,000",1869
"Nelson","South Island general electorates","$20,001– $25,000",2052
"Port Hills","South Island general electorates","$20,001– $25,000",1377
"Rangitata","South Island general electorates","$20,001– $25,000",2043
"Selwyn","South Island general electorates","$20,001– $25,000",918
"Waimakariri","South Island general electorates","$20,001– $25,000",1302
"Waitaki","South Island general electorates","$20,001– $25,000",2004
"West Coast-Tasman","South Island general electorates","$20,001– $25,000",2049
"Wigram","South Island general electorates","$20,001– $25,000",1782
"Area Outside General Electorate","South Island general electorates","$20,001– $25,000",NA
"Auckland Central","North Island general electorates","$25,001– $30,000",1590
"Bay of Plenty","North Island general electorates","$25,001– $30,000",2727
"Botany","North Island general electorates","$25,001– $30,000",1500
"Coromandel","North Island general electorates","$25,001– $30,000",3930
"East Coast","North Island general electorates","$25,001– $30,000",4023
"East Coast Bays","North Island general electorates","$25,001– $30,000",1371
"Epsom","North Island general electorates","$25,001– $30,000",1080
"Hamilton East","North Island general electorates","$25,001– $30,000",2337
"Hamilton West","North Island general electorates","$25,001– $30,000",2421
"Helensville","North Island general electorates","$25,001– $30,000",1311
"Hunua","North Island general electorates","$25,001– $30,000",1842
"Hutt South","North Island general electorates","$25,001– $30,000",1800
"Kelston","North Island general electorates","$25,001– $30,000",1977
"Mana","North Island general electorates","$25,001– $30,000",1779
"Mangere","North Island general electorates","$25,001– $30,000",1488
"Manukau East","North Island general electorates","$25,001– $30,000",1896
"Manurewa","North Island general electorates","$25,001– $30,000",1872
"Maungakiekie","North Island general electorates","$25,001– $30,000",1782
"Mt Albert","North Island general electorates","$25,001– $30,000",1452
"Mt Roskill","North Island general electorates","$25,001– $30,000",1854
"Napier","North Island general electorates","$25,001– $30,000",3006
"New Lynn","North Island general electorates","$25,001– $30,000",1977
"New Plymouth","North Island general electorates","$25,001– $30,000",2589
"North Shore","North Island general electorates","$25,001– $30,000",1536
"Northcote","North Island general electorates","$25,001– $30,000",1674
"Northland","North Island general electorates","$25,001– $30,000",4494
"Ohariu","North Island general electorates","$25,001– $30,000",909
"Otaki","North Island general electorates","$25,001– $30,000",3558
"Pakuranga","North Island general electorates","$25,001– $30,000",1554
"Palmerston North","North Island general electorates","$25,001– $30,000",2676
"Papakura","North Island general electorates","$25,001– $30,000",2133
"Rangitikei","North Island general electorates","$25,001– $30,000",2730
"Rimutaka","North Island general electorates","$25,001– $30,000",2163
"Rodney","North Island general electorates","$25,001– $30,000",2337
"Rongotai","North Island general electorates","$25,001– $30,000",1407
"Rotorua","North Island general electorates","$25,001– $30,000",2913
"Tamaki","North Island general electorates","$25,001– $30,000",1128
"Taranaki-King Country","North Island general electorates","$25,001– $30,000",2322
"Taupo","North Island general electorates","$25,001– $30,000",3018
"Tauranga","North Island general electorates","$25,001– $30,000",2610
"Te Atatu","North Island general electorates","$25,001– $30,000",2190
"Tukituki","North Island general electorates","$25,001– $30,000",2880
"Upper Harbour","North Island general electorates","$25,001– $30,000",1548
"Waikato","North Island general electorates","$25,001– $30,000",2442
"Wairarapa","North Island general electorates","$25,001– $30,000",3270
"Wellington Central","North Island general electorates","$25,001– $30,000",1233
"Whanganui","North Island general electorates","$25,001– $30,000",3519
"Whangarei","North Island general electorates","$25,001– $30,000",3333
"Christchurch Central","South Island general electorates","$25,001– $30,000",2157
"Christchurch East","South Island general electorates","$25,001– $30,000",2223
"Clutha-Southland","South Island general electorates","$25,001– $30,000",2085
"Dunedin North","South Island general electorates","$25,001– $30,000",2490
"Dunedin South","South Island general electorates","$25,001– $30,000",2478
"Ilam","South Island general electorates","$25,001– $30,000",1626
"Invercargill","South Island general electorates","$25,001– $30,000",2571
"Kaikoura","South Island general electorates","$25,001– $30,000",2691
"Nelson","South Island general electorates","$25,001– $30,000",2592
"Port Hills","South Island general electorates","$25,001– $30,000",1845
"Rangitata","South Island general electorates","$25,001– $30,000",2577
"Selwyn","South Island general electorates","$25,001– $30,000",1395
"Waimakariri","South Island general electorates","$25,001– $30,000",1995
"Waitaki","South Island general electorates","$25,001– $30,000",2937
"West Coast-Tasman","South Island general electorates","$25,001– $30,000",2700
"Wigram","South Island general electorates","$25,001– $30,000",1971
"Area Outside General Electorate","South Island general electorates","$25,001– $30,000",NA
"Auckland Central","North Island general electorates","$30,001– $35,000",1563
"Bay of Plenty","North Island general electorates","$30,001– $35,000",3369
"Botany","North Island general electorates","$30,001– $35,000",1701
"Coromandel","North Island general electorates","$30,001– $35,000",4326
"East Coast","North Island general electorates","$30,001– $35,000",4248
"East Coast Bays","North Island general electorates","$30,001– $35,000",1626
"Epsom","North Island general electorates","$30,001– $35,000",1179
"Hamilton East","North Island general electorates","$30,001– $35,000",2472
"Hamilton West","North Island general electorates","$30,001– $35,000",2577
"Helensville","North Island general electorates","$30,001– $35,000",1512
"Hunua","North Island general electorates","$30,001– $35,000",1935
"Hutt South","North Island general electorates","$30,001– $35,000",2013
"Kelston","North Island general electorates","$30,001– $35,000",1935
"Mana","North Island general electorates","$30,001– $35,000",1875
"Mangere","North Island general electorates","$30,001– $35,000",1635
"Manukau East","North Island general electorates","$30,001– $35,000",1842
"Manurewa","North Island general electorates","$30,001– $35,000",2148
"Maungakiekie","North Island general electorates","$30,001– $35,000",1800
"Mt Albert","North Island general electorates","$30,001– $35,000",1260
"Mt Roskill","North Island general electorates","$30,001– $35,000",1620
"Napier","North Island general electorates","$30,001– $35,000",3519
"New Lynn","North Island general electorates","$30,001– $35,000",2028
"New Plymouth","North Island general electorates","$30,001– $35,000",2769
"North Shore","North Island general electorates","$30,001– $35,000",1560
"Northcote","North Island general electorates","$30,001– $35,000",1755
"Northland","North Island general electorates","$30,001– $35,000",4584
"Ohariu","North Island general electorates","$30,001– $35,000",975
"Otaki","North Island general electorates","$30,001– $35,000",4239
"Pakuranga","North Island general electorates","$30,001– $35,000",1797
"Palmerston North","North Island general electorates","$30,001– $35,000",2664
"Papakura","North Island general electorates","$30,001– $35,000",2067
"Rangitikei","North Island general electorates","$30,001– $35,000",2790
"Rimutaka","North Island general electorates","$30,001– $35,000",2259
"Rodney","North Island general electorates","$30,001– $35,000",2910
"Rongotai","North Island general electorates","$30,001– $35,000",1476
"Rotorua","North Island general electorates","$30,001– $35,000",3177
"Tamaki","North Island general electorates","$30,001– $35,000",1257
"Taranaki-King Country","North Island general electorates","$30,001– $35,000",2586
"Taupo","North Island general electorates","$30,001– $35,000",3291
"Tauranga","North Island general electorates","$30,001– $35,000",3195
"Te Atatu","North Island general electorates","$30,001– $35,000",2262
"Tukituki","North Island general electorates","$30,001– $35,000",3030
"Upper Harbour","North Island general electorates","$30,001– $35,000",1671
"Waikato","North Island general electorates","$30,001– $35,000",2730
"Wairarapa","North Island general electorates","$30,001– $35,000",3432
"Wellington Central","North Island general electorates","$30,001– $35,000",1275
"Whanganui","North Island general electorates","$30,001– $35,000",3621
"Whangarei","North Island general electorates","$30,001– $35,000",3693
"Christchurch Central","South Island general electorates","$30,001– $35,000",2334
"Christchurch East","South Island general electorates","$30,001– $35,000",2517
"Clutha-Southland","South Island general electorates","$30,001– $35,000",2331
"Dunedin North","South Island general electorates","$30,001– $35,000",2745
"Dunedin South","South Island general electorates","$30,001– $35,000",2841
"Ilam","South Island general electorates","$30,001– $35,000",1932
"Invercargill","South Island general electorates","$30,001– $35,000",2793
"Kaikoura","South Island general electorates","$30,001– $35,000",2910
"Nelson","South Island general electorates","$30,001– $35,000",2904
"Port Hills","South Island general electorates","$30,001– $35,000",2262
"Rangitata","South Island general electorates","$30,001– $35,000",3036
"Selwyn","South Island general electorates","$30,001– $35,000",1653
"Waimakariri","South Island general electorates","$30,001– $35,000",2586
"Waitaki","South Island general electorates","$30,001– $35,000",3324
"West Coast-Tasman","South Island general electorates","$30,001– $35,000",3027
"Wigram","South Island general electorates","$30,001– $35,000",2241
"Area Outside General Electorate","South Island general electorates","$30,001– $35,000",NA
"Auckland Central","North Island general electorates","$35,001– $40,000",1461
"Bay of Plenty","North Island general electorates","$35,001– $40,000",2166
"Botany","North Island general electorates","$35,001– $40,000",1329
"Coromandel","North Island general electorates","$35,001– $40,000",2535
"East Coast","North Island general electorates","$35,001– $40,000",3339
"East Coast Bays","North Island general electorates","$35,001– $40,000",1179
"Epsom","North Island general electorates","$35,001– $40,000",1023
"Hamilton East","North Island general electorates","$35,001– $40,000",2037
"Hamilton West","North Island general electorates","$35,001– $40,000",2088
"Helensville","North Island general electorates","$35,001– $40,000",1212
"Hunua","North Island general electorates","$35,001– $40,000",1410
"Hutt South","North Island general electorates","$35,001– $40,000",1527
"Kelston","North Island general electorates","$35,001– $40,000",1824
"Mana","North Island general electorates","$35,001– $40,000",1692
"Mangere","North Island general electorates","$35,001– $40,000",1332
"Manukau East","North Island general electorates","$35,001– $40,000",1785
"Manurewa","North Island general electorates","$35,001– $40,000",1953
"Maungakiekie","North Island general electorates","$35,001– $40,000",1626
"Mt Albert","North Island general electorates","$35,001– $40,000",1197
"Mt Roskill","North Island general electorates","$35,001– $40,000",1374
"Napier","North Island general electorates","$35,001– $40,000",2346
"New Lynn","North Island general electorates","$35,001– $40,000",1599
"New Plymouth","North Island general electorates","$35,001– $40,000",2010
"North Shore","North Island general electorates","$35,001– $40,000",1299
"Northcote","North Island general electorates","$35,001– $40,000",1452
"Northland","North Island general electorates","$35,001– $40,000",2994
"Ohariu","North Island general electorates","$35,001– $40,000",990
"Otaki","North Island general electorates","$35,001– $40,000",2394
"Pakuranga","North Island general electorates","$35,001– $40,000",1584
"Palmerston North","North Island general electorates","$35,001– $40,000",2250
"Papakura","North Island general electorates","$35,001– $40,000",1686
"Rangitikei","North Island general electorates","$35,001– $40,000",2265
"Rimutaka","North Island general electorates","$35,001– $40,000",1797
"Rodney","North Island general electorates","$35,001– $40,000",1734
"Rongotai","North Island general electorates","$35,001– $40,000",1482
"Rotorua","North Island general electorates","$35,001– $40,000",2448
"Tamaki","North Island general electorates","$35,001– $40,000",993
"Taranaki-King Country","North Island general electorates","$35,001– $40,000",1848
"Taupo","North Island general electorates","$35,001– $40,000",2409
"Tauranga","North Island general electorates","$35,001– $40,000",2187
"Te Atatu","North Island general electorates","$35,001– $40,000",1875
"Tukituki","North Island general electorates","$35,001– $40,000",2430
"Upper Harbour","North Island general electorates","$35,001– $40,000",1575
"Waikato","North Island general electorates","$35,001– $40,000",1911
"Wairarapa","North Island general electorates","$35,001– $40,000",2553
"Wellington Central","North Island general electorates","$35,001– $40,000",1299
"Whanganui","North Island general electorates","$35,001– $40,000",2517
"Whangarei","North Island general electorates","$35,001– $40,000",2388
"Christchurch Central","South Island general electorates","$35,001– $40,000",1866
"Christchurch East","South Island general electorates","$35,001– $40,000",1884
"Clutha-Southland","South Island general electorates","$35,001– $40,000",1845
"Dunedin North","South Island general electorates","$35,001– $40,000",2193
"Dunedin South","South Island general electorates","$35,001– $40,000",1779
"Ilam","South Island general electorates","$35,001– $40,000",1455
"Invercargill","South Island general electorates","$35,001– $40,000",2067
"Kaikoura","South Island general electorates","$35,001– $40,000",1989
"Nelson","South Island general electorates","$35,001– $40,000",2208
"Port Hills","South Island general electorates","$35,001– $40,000",1560
"Rangitata","South Island general electorates","$35,001– $40,000",2049
"Selwyn","South Island general electorates","$35,001– $40,000",1221
"Waimakariri","South Island general electorates","$35,001– $40,000",1419
"Waitaki","South Island general electorates","$35,001– $40,000",2070
"West Coast-Tasman","South Island general electorates","$35,001– $40,000",2034
"Wigram","South Island general electorates","$35,001– $40,000",1737
"Area Outside General Electorate","South Island general electorates","$35,001– $40,000",NA
"Auckland Central","North Island general electorates","$40,001– $50,000",2787
"Bay of Plenty","North Island general electorates","$40,001– $50,000",4401
"Botany","North Island general electorates","$40,001– $50,000",2742
"Coromandel","North Island general electorates","$40,001– $50,000",5358
"East Coast","North Island general electorates","$40,001– $50,000",6204
"East Coast Bays","North Island general electorates","$40,001– $50,000",2691
"Epsom","North Island general electorates","$40,001– $50,000",2220
"Hamilton East","North Island general electorates","$40,001– $50,000",3891
"Hamilton West","North Island general electorates","$40,001– $50,000",4227
"Helensville","North Island general electorates","$40,001– $50,000",2484
"Hunua","North Island general electorates","$40,001– $50,000",2862
"Hutt South","North Island general electorates","$40,001– $50,000",3357
"Kelston","North Island general electorates","$40,001– $50,000",3555
"Mana","North Island general electorates","$40,001– $50,000",3372
"Mangere","North Island general electorates","$40,001– $50,000",2868
"Manukau East","North Island general electorates","$40,001– $50,000",3375
"Manurewa","North Island general electorates","$40,001– $50,000",3558
"Maungakiekie","North Island general electorates","$40,001– $50,000",3201
"Mt Albert","North Island general electorates","$40,001– $50,000",2283
"Mt Roskill","North Island general electorates","$40,001– $50,000",2928
"Napier","North Island general electorates","$40,001– $50,000",4935
"New Lynn","North Island general electorates","$40,001– $50,000",3192
"New Plymouth","North Island general electorates","$40,001– $50,000",4233
"North Shore","North Island general electorates","$40,001– $50,000",2757
"Northcote","North Island general electorates","$40,001– $50,000",3213
"Northland","North Island general electorates","$40,001– $50,000",6192
"Ohariu","North Island general electorates","$40,001– $50,000",2196
"Otaki","North Island general electorates","$40,001– $50,000",4599
"Pakuranga","North Island general electorates","$40,001– $50,000",3111
"Palmerston North","North Island general electorates","$40,001– $50,000",4515
"Papakura","North Island general electorates","$40,001– $50,000",3261
"Rangitikei","North Island general electorates","$40,001– $50,000",4869
"Rimutaka","North Island general electorates","$40,001– $50,000",3963
"Rodney","North Island general electorates","$40,001– $50,000",3867
"Rongotai","North Island general electorates","$40,001– $50,000",2709
"Rotorua","North Island general electorates","$40,001– $50,000",5139
"Tamaki","North Island general electorates","$40,001– $50,000",2079
"Taranaki-King Country","North Island general electorates","$40,001– $50,000",4455
"Taupo","North Island general electorates","$40,001– $50,000",4665
"Tauranga","North Island general electorates","$40,001– $50,000",4404
"Te Atatu","North Island general electorates","$40,001– $50,000",3858
"Tukituki","North Island general electorates","$40,001– $50,000",4926
"Upper Harbour","North Island general electorates","$40,001– $50,000",3150
"Waikato","North Island general electorates","$40,001– $50,000",4200
"Wairarapa","North Island general electorates","$40,001– $50,000",4992
"Wellington Central","North Island general electorates","$40,001– $50,000",2340
"Whanganui","North Island general electorates","$40,001– $50,000",4902
"Whangarei","North Island general electorates","$40,001– $50,000",4776
"Christchurch Central","South Island general electorates","$40,001– $50,000",4086
"Christchurch East","South Island general electorates","$40,001– $50,000",3687
"Clutha-Southland","South Island general electorates","$40,001– $50,000",4239
"Dunedin North","South Island general electorates","$40,001– $50,000",4065
"Dunedin South","South Island general electorates","$40,001– $50,000",3867
"Ilam","South Island general electorates","$40,001– $50,000",3069
"Invercargill","South Island general electorates","$40,001– $50,000",4179
"Kaikoura","South Island general electorates","$40,001– $50,000",4575
"Nelson","South Island general electorates","$40,001– $50,000",4587
"Port Hills","South Island general electorates","$40,001– $50,000",3252
"Rangitata","South Island general electorates","$40,001– $50,000",4278
"Selwyn","South Island general electorates","$40,001– $50,000",2811
"Waimakariri","South Island general electorates","$40,001– $50,000",3360
"Waitaki","South Island general electorates","$40,001– $50,000",4896
"West Coast-Tasman","South Island general electorates","$40,001– $50,000",4413
"Wigram","South Island general electorates","$40,001– $50,000",3609
"Area Outside General Electorate","South Island general electorates","$40,001– $50,000",NA
"Auckland Central","North Island general electorates","$50,001– $60,000",2772
"Bay of Plenty","North Island general electorates","$50,001– $60,000",4617
"Botany","North Island general electorates","$50,001– $60,000",2940
"Coromandel","North Island general electorates","$50,001– $60,000",4971
"East Coast","North Island general electorates","$50,001– $60,000",6594
"East Coast Bays","North Island general electorates","$50,001– $60,000",2856
"Epsom","North Island general electorates","$50,001– $60,000",2298
"Hamilton East","North Island general electorates","$50,001– $60,000",3705
"Hamilton West","North Island general electorates","$50,001– $60,000",4686
"Helensville","North Island general electorates","$50,001– $60,000",2700
"Hunua","North Island general electorates","$50,001– $60,000",3213
"Hutt South","North Island general electorates","$50,001– $60,000",3750
"Kelston","North Island general electorates","$50,001– $60,000",3579
"Mana","North Island general electorates","$50,001– $60,000",3387
"Mangere","North Island general electorates","$50,001– $60,000",2895
"Manukau East","North Island general electorates","$50,001– $60,000",3363
"Manurewa","North Island general electorates","$50,001– $60,000",3621
"Maungakiekie","North Island general electorates","$50,001– $60,000",3423
"Mt Albert","North Island general electorates","$50,001– $60,000",2595
"Mt Roskill","North Island general electorates","$50,001– $60,000",3141
"Napier","North Island general electorates","$50,001– $60,000",5154
"New Lynn","North Island general electorates","$50,001– $60,000",3288
"New Plymouth","North Island general electorates","$50,001– $60,000",4368
"North Shore","North Island general electorates","$50,001– $60,000",2802
"Northcote","North Island general electorates","$50,001– $60,000",3252
"Northland","North Island general electorates","$50,001– $60,000",5802
"Ohariu","North Island general electorates","$50,001– $60,000",2499
"Otaki","North Island general electorates","$50,001– $60,000",4365
"Pakuranga","North Island general electorates","$50,001– $60,000",3258
"Palmerston North","North Island general electorates","$50,001– $60,000",4572
"Papakura","North Island general electorates","$50,001– $60,000",3657
"Rangitikei","North Island general electorates","$50,001– $60,000",5070
"Rimutaka","North Island general electorates","$50,001– $60,000",4227
"Rodney","North Island general electorates","$50,001– $60,000",3639
"Rongotai","North Island general electorates","$50,001– $60,000",2763
"Rotorua","North Island general electorates","$50,001– $60,000",5340
"Tamaki","North Island general electorates","$50,001– $60,000",2142
"Taranaki-King Country","North Island general electorates","$50,001– $60,000",4824
"Taupo","North Island general electorates","$50,001– $60,000",5097
"Tauranga","North Island general electorates","$50,001– $60,000",4176
"Te Atatu","North Island general electorates","$50,001– $60,000",3924
"Tukituki","North Island general electorates","$50,001– $60,000",5055
"Upper Harbour","North Island general electorates","$50,001– $60,000",3381
"Waikato","North Island general electorates","$50,001– $60,000",4497
"Wairarapa","North Island general electorates","$50,001– $60,000",5316
"Wellington Central","North Island general electorates","$50,001– $60,000",2412
"Whanganui","North Island general electorates","$50,001– $60,000",5211
"Whangarei","North Island general electorates","$50,001– $60,000",4851
"Christchurch Central","South Island general electorates","$50,001– $60,000",4044
"Christchurch East","South Island general electorates","$50,001– $60,000",4209
"Clutha-Southland","South Island general electorates","$50,001– $60,000",4953
"Dunedin North","South Island general electorates","$50,001– $60,000",3609
"Dunedin South","South Island general electorates","$50,001– $60,000",4440
"Ilam","South Island general electorates","$50,001– $60,000",3315
"Invercargill","South Island general electorates","$50,001– $60,000",4710
"Kaikoura","South Island general electorates","$50,001– $60,000",4698
"Nelson","South Island general electorates","$50,001– $60,000",4776
"Port Hills","South Island general electorates","$50,001– $60,000",3552
"Rangitata","South Island general electorates","$50,001– $60,000",4758
"Selwyn","South Island general electorates","$50,001– $60,000",3048
"Waimakariri","South Island general electorates","$50,001– $60,000",3549
"Waitaki","South Island general electorates","$50,001– $60,000",5172
"West Coast-Tasman","South Island general electorates","$50,001– $60,000",4536
"Wigram","South Island general electorates","$50,001– $60,000",3882
"Area Outside General Electorate","South Island general electorates","$50,001– $60,000",NA
"Auckland Central","North Island general electorates","$60,001– $70,000",2643
"Bay of Plenty","North Island general electorates","$60,001– $70,000",4515
"Botany","North Island general electorates","$60,001– $70,000",3144
"Coromandel","North Island general electorates","$60,001– $70,000",4245
"East Coast","North Island general electorates","$60,001– $70,000",5580
"East Coast Bays","North Island general electorates","$60,001– $70,000",2613
"Epsom","North Island general electorates","$60,001– $70,000",2106
"Hamilton East","North Island general electorates","$60,001– $70,000",3864
"Hamilton West","North Island general electorates","$60,001– $70,000",4677
"Helensville","North Island general electorates","$60,001– $70,000",2769
"Hunua","North Island general electorates","$60,001– $70,000",3210
"Hutt South","North Island general electorates","$60,001– $70,000",3630
"Kelston","North Island general electorates","$60,001– $70,000",3879
"Mana","North Island general electorates","$60,001– $70,000",3630
"Mangere","North Island general electorates","$60,001– $70,000",2979
"Manukau East","North Island general electorates","$60,001– $70,000",3279
"Manurewa","North Island general electorates","$60,001– $70,000",3426
"Maungakiekie","North Island general electorates","$60,001– $70,000",3660
"Mt Albert","North Island general electorates","$60,001– $70,000",2595
"Mt Roskill","North Island general electorates","$60,001– $70,000",2928
"Napier","North Island general electorates","$60,001– $70,000",4848
"New Lynn","North Island general electorates","$60,001– $70,000",3189
"New Plymouth","North Island general electorates","$60,001– $70,000",4287
"North Shore","North Island general electorates","$60,001– $70,000",2838
"Northcote","North Island general electorates","$60,001– $70,000",3474
"Northland","North Island general electorates","$60,001– $70,000",5172
"Ohariu","North Island general electorates","$60,001– $70,000",2673
"Otaki","North Island general electorates","$60,001– $70,000",3888
"Pakuranga","North Island general electorates","$60,001– $70,000",3180
"Palmerston North","North Island general electorates","$60,001– $70,000",4434
"Papakura","North Island general electorates","$60,001– $70,000",3939
"Rangitikei","North Island general electorates","$60,001– $70,000",4773
"Rimutaka","North Island general electorates","$60,001– $70,000",4200
"Rodney","North Island general electorates","$60,001– $70,000",3699
"Rongotai","North Island general electorates","$60,001– $70,000",2976
"Rotorua","North Island general electorates","$60,001– $70,000",4959
"Tamaki","North Island general electorates","$60,001– $70,000",2205
"Taranaki-King Country","North Island general electorates","$60,001– $70,000",4410
"Taupo","North Island general electorates","$60,001– $70,000",4890
"Tauranga","North Island general electorates","$60,001– $70,000",4095
"Te Atatu","North Island general electorates","$60,001– $70,000",3903
"Tukituki","North Island general electorates","$60,001– $70,000",4776
"Upper Harbour","North Island general electorates","$60,001– $70,000",3579
"Waikato","North Island general electorates","$60,001– $70,000",4917
"Wairarapa","North Island general electorates","$60,001– $70,000",4845
"Wellington Central","North Island general electorates","$60,001– $70,000",2619
"Whanganui","North Island general electorates","$60,001– $70,000",4863
"Whangarei","North Island general electorates","$60,001– $70,000",4638
"Christchurch Central","South Island general electorates","$60,001– $70,000",3942
"Christchurch East","South Island general electorates","$60,001– $70,000",4437
"Clutha-Southland","South Island general electorates","$60,001– $70,000",4842
"Dunedin North","South Island general electorates","$60,001– $70,000",3465
"Dunedin South","South Island general electorates","$60,001– $70,000",4014
"Ilam","South Island general electorates","$60,001– $70,000",3219
"Invercargill","South Island general electorates","$60,001– $70,000",4755
"Kaikoura","South Island general electorates","$60,001– $70,000",4536
"Nelson","South Island general electorates","$60,001– $70,000",4665
"Port Hills","South Island general electorates","$60,001– $70,000",3726
"Rangitata","South Island general electorates","$60,001– $70,000",4731
"Selwyn","South Island general electorates","$60,001– $70,000",3522
"Waimakariri","South Island general electorates","$60,001– $70,000",3825
"Waitaki","South Island general electorates","$60,001– $70,000",4836
"West Coast-Tasman","South Island general electorates","$60,001– $70,000",4485
"Wigram","South Island general electorates","$60,001– $70,000",4113
"Area Outside General Electorate","South Island general electorates","$60,001– $70,000",NA
"Auckland Central","North Island general electorates","$70,001– $100,000",6819
"Bay of Plenty","North Island general electorates","$70,001– $100,000",11808
"Botany","North Island general electorates","$70,001– $100,000",10140
"Coromandel","North Island general electorates","$70,001– $100,000",10200
"East Coast","North Island general electorates","$70,001– $100,000",14295
"East Coast Bays","North Island general electorates","$70,001– $100,000",9024
"Epsom","North Island general electorates","$70,001– $100,000",6444
"Hamilton East","North Island general electorates","$70,001– $100,000",11430
"Hamilton West","North Island general electorates","$70,001– $100,000",12900
"Helensville","North Island general electorates","$70,001– $100,000",9573
"Hunua","North Island general electorates","$70,001– $100,000",10278
"Hutt South","North Island general electorates","$70,001– $100,000",11481
"Kelston","North Island general electorates","$70,001– $100,000",10515
"Mana","North Island general electorates","$70,001– $100,000",11034
"Mangere","North Island general electorates","$70,001– $100,000",8601
"Manukau East","North Island general electorates","$70,001– $100,000",8793
"Manurewa","North Island general electorates","$70,001– $100,000",10263
"Maungakiekie","North Island general electorates","$70,001– $100,000",9867
"Mt Albert","North Island general electorates","$70,001– $100,000",7992
"Mt Roskill","North Island general electorates","$70,001– $100,000",8625
"Napier","North Island general electorates","$70,001– $100,000",11967
"New Lynn","North Island general electorates","$70,001– $100,000",9720
"New Plymouth","North Island general electorates","$70,001– $100,000",11418
"North Shore","North Island general electorates","$70,001– $100,000",8751
"Northcote","North Island general electorates","$70,001– $100,000",10305
"Northland","North Island general electorates","$70,001– $100,000",11175
"Ohariu","North Island general electorates","$70,001– $100,000",9558
"Otaki","North Island general electorates","$70,001– $100,000",9525
"Pakuranga","North Island general electorates","$70,001– $100,000",10275
"Palmerston North","North Island general electorates","$70,001– $100,000",11184
"Papakura","North Island general electorates","$70,001– $100,000",11430
"Rangitikei","North Island general electorates","$70,001– $100,000",11934
"Rimutaka","North Island general electorates","$70,001– $100,000",12024
"Rodney","North Island general electorates","$70,001– $100,000",10242
"Rongotai","North Island general electorates","$70,001– $100,000",9063
"Rotorua","North Island general electorates","$70,001– $100,000",12447
"Tamaki","North Island general electorates","$70,001– $100,000",6879
"Taranaki-King Country","North Island general electorates","$70,001– $100,000",12240
"Taupo","North Island general electorates","$70,001– $100,000",12918
"Tauranga","North Island general electorates","$70,001– $100,000",10689
"Te Atatu","North Island general electorates","$70,001– $100,000",11010
"Tukituki","North Island general electorates","$70,001– $100,000",12312
"Upper Harbour","North Island general electorates","$70,001– $100,000",11160
"Waikato","North Island general electorates","$70,001– $100,000",12624
"Wairarapa","North Island general electorates","$70,001– $100,000",11580
"Wellington Central","North Island general electorates","$70,001– $100,000",7701
"Whanganui","North Island general electorates","$70,001– $100,000",11673
"Whangarei","North Island general electorates","$70,001– $100,000",11634
"Christchurch Central","South Island general electorates","$70,001– $100,000",10887
"Christchurch East","South Island general electorates","$70,001– $100,000",11967
"Clutha-Southland","South Island general electorates","$70,001– $100,000",12861
"Dunedin North","South Island general electorates","$70,001– $100,000",8988
"Dunedin South","South Island general electorates","$70,001– $100,000",11082
"Ilam","South Island general electorates","$70,001– $100,000",9957
"Invercargill","South Island general electorates","$70,001– $100,000",12366
"Kaikoura","South Island general electorates","$70,001– $100,000",11577
"Nelson","South Island general electorates","$70,001– $100,000",11310
"Port Hills","South Island general electorates","$70,001– $100,000",11388
"Rangitata","South Island general electorates","$70,001– $100,000",13044
"Selwyn","South Island general electorates","$70,001– $100,000",11667
"Waimakariri","South Island general electorates","$70,001– $100,000",11625
"Waitaki","South Island general electorates","$70,001– $100,000",11949
"West Coast-Tasman","South Island general electorates","$70,001– $100,000",10902
"Wigram","South Island general electorates","$70,001– $100,000",11100
"Area Outside General Electorate","South Island general electorates","$70,001– $100,000",NA
"Auckland Central","North Island general electorates","$100,001– $150,000",6927
"Bay of Plenty","North Island general electorates","$100,001– $150,000",9747
"Botany","North Island general electorates","$100,001– $150,000",13278
"Coromandel","North Island general electorates","$100,001– $150,000",6399
"East Coast","North Island general electorates","$100,001– $150,000",10527
"East Coast Bays","North Island general electorates","$100,001– $150,000",12273
"Epsom","North Island general electorates","$100,001– $150,000",8307
"Hamilton East","North Island general electorates","$100,001– $150,000",11622
"Hamilton West","North Island general electorates","$100,001– $150,000",11289
"Helensville","North Island general electorates","$100,001– $150,000",12363
"Hunua","North Island general electorates","$100,001– $150,000",12828
"Hutt South","North Island general electorates","$100,001– $150,000",13251
"Kelston","North Island general electorates","$100,001– $150,000",9993
"Mana","North Island general electorates","$100,001– $150,000",11871
"Mangere","North Island general electorates","$100,001– $150,000",8424
"Manukau East","North Island general electorates","$100,001– $150,000",7965
"Manurewa","North Island general electorates","$100,001– $150,000",9471
"Maungakiekie","North Island general electorates","$100,001– $150,000",10965
"Mt Albert","North Island general electorates","$100,001– $150,000",10575
"Mt Roskill","North Island general electorates","$100,001– $150,000",10296
"Napier","North Island general electorates","$100,001– $150,000",8799
"New Lynn","North Island general electorates","$100,001– $150,000",11253
"New Plymouth","North Island general electorates","$100,001– $150,000",10197
"North Shore","North Island general electorates","$100,001– $150,000",11613
"Northcote","North Island general electorates","$100,001– $150,000",12570
"Northland","North Island general electorates","$100,001– $150,000",6789
"Ohariu","North Island general electorates","$100,001– $150,000",13464
"Otaki","North Island general electorates","$100,001– $150,000",7122
"Pakuranga","North Island general electorates","$100,001– $150,000",12138
"Palmerston North","North Island general electorates","$100,001– $150,000",9117
"Papakura","North Island general electorates","$100,001– $150,000",12738
"Rangitikei","North Island general electorates","$100,001– $150,000",8730
"Rimutaka","North Island general electorates","$100,001– $150,000",11319
"Rodney","North Island general electorates","$100,001– $150,000",11163
"Rongotai","North Island general electorates","$100,001– $150,000",11346
"Rotorua","North Island general electorates","$100,001– $150,000",9651
"Tamaki","North Island general electorates","$100,001– $150,000",9663
"Taranaki-King Country","North Island general electorates","$100,001– $150,000",9975
"Taupo","North Island general electorates","$100,001– $150,000",10548
"Tauranga","North Island general electorates","$100,001– $150,000",8952
"Te Atatu","North Island general electorates","$100,001– $150,000",11406
"Tukituki","North Island general electorates","$100,001– $150,000",9336
"Upper Harbour","North Island general electorates","$100,001– $150,000",13032
"Waikato","North Island general electorates","$100,001– $150,000",11220
"Wairarapa","North Island general electorates","$100,001– $150,000",7491
"Wellington Central","North Island general electorates","$100,001– $150,000",10512
"Whanganui","North Island general electorates","$100,001– $150,000",7617
"Whangarei","North Island general electorates","$100,001– $150,000",8919
"Christchurch Central","South Island general electorates","$100,001– $150,000",9768
"Christchurch East","South Island general electorates","$100,001– $150,000",10125
"Clutha-Southland","South Island general electorates","$100,001– $150,000",9453
"Dunedin North","South Island general electorates","$100,001– $150,000",7179
"Dunedin South","South Island general electorates","$100,001– $150,000",9357
"Ilam","South Island general electorates","$100,001– $150,000",10449
"Invercargill","South Island general electorates","$100,001– $150,000",8862
"Kaikoura","South Island general electorates","$100,001– $150,000",8628
"Nelson","South Island general electorates","$100,001– $150,000",8652
"Port Hills","South Island general electorates","$100,001– $150,000",12060
"Rangitata","South Island general electorates","$100,001– $150,000",9198
"Selwyn","South Island general electorates","$100,001– $150,000",12348
"Waimakariri","South Island general electorates","$100,001– $150,000",11283
"Waitaki","South Island general electorates","$100,001– $150,000",7941
"West Coast-Tasman","South Island general electorates","$100,001– $150,000",7503
"Wigram","South Island general electorates","$100,001– $150,000",9408
"Area Outside General Electorate","South Island general electorates","$100,001– $150,000",NA
"Auckland Central","North Island general electorates","$150,001 or More",10569
"Bay of Plenty","North Island general electorates","$150,001 or More",5454
"Botany","North Island general electorates","$150,001 or More",12111
"Coromandel","North Island general electorates","$150,001 or More",4167
"East Coast","North Island general electorates","$150,001 or More",5583
"East Coast Bays","North Island general electorates","$150,001 or More",13371
"Epsom","North Island general electorates","$150,001 or More",21963
"Hamilton East","North Island general electorates","$150,001 or More",8520
"Hamilton West","North Island general electorates","$150,001 or More",6573
"Helensville","North Island general electorates","$150,001 or More",12696
"Hunua","North Island general electorates","$150,001 or More",12171
"Hutt South","North Island general electorates","$150,001 or More",12222
"Kelston","North Island general electorates","$150,001 or More",5874
"Mana","North Island general electorates","$150,001 or More",10677
"Mangere","North Island general electorates","$150,001 or More",6045
"Manukau East","North Island general electorates","$150,001 or More",4635
"Manurewa","North Island general electorates","$150,001 or More",6261
"Maungakiekie","North Island general electorates","$150,001 or More",10290
"Mt Albert","North Island general electorates","$150,001 or More",17826
"Mt Roskill","North Island general electorates","$150,001 or More",11127
"Napier","North Island general electorates","$150,001 or More",4566
"New Lynn","North Island general electorates","$150,001 or More",7818
"New Plymouth","North Island general electorates","$150,001 or More",7518
"North Shore","North Island general electorates","$150,001 or More",17757
"Northcote","North Island general electorates","$150,001 or More",11490
"Northland","North Island general electorates","$150,001 or More",4008
"Ohariu","North Island general electorates","$150,001 or More",17160
"Otaki","North Island general electorates","$150,001 or More",4824
"Pakuranga","North Island general electorates","$150,001 or More",11643
"Palmerston North","North Island general electorates","$150,001 or More",4926
"Papakura","North Island general electorates","$150,001 or More",10104
"Rangitikei","North Island general electorates","$150,001 or More",4983
"Rimutaka","North Island general electorates","$150,001 or More",6942
"Rodney","North Island general electorates","$150,001 or More",8538
"Rongotai","North Island general electorates","$150,001 or More",14931
"Rotorua","North Island general electorates","$150,001 or More",5514
"Tamaki","North Island general electorates","$150,001 or More",19962
"Taranaki-King Country","North Island general electorates","$150,001 or More",6435
"Taupo","North Island general electorates","$150,001 or More",6000
"Tauranga","North Island general electorates","$150,001 or More",5904
"Te Atatu","North Island general electorates","$150,001 or More",7353
"Tukituki","North Island general electorates","$150,001 or More",5418
"Upper Harbour","North Island general electorates","$150,001 or More",10242
"Waikato","North Island general electorates","$150,001 or More",9102
"Wairarapa","North Island general electorates","$150,001 or More",4083
"Wellington Central","North Island general electorates","$150,001 or More",16560
"Whanganui","North Island general electorates","$150,001 or More",4404
"Whangarei","North Island general electorates","$150,001 or More",5388
"Christchurch Central","South Island general electorates","$150,001 or More",7089
"Christchurch East","South Island general electorates","$150,001 or More",5214
"Clutha-Southland","South Island general electorates","$150,001 or More",6066
"Dunedin North","South Island general electorates","$150,001 or More",4965
"Dunedin South","South Island general electorates","$150,001 or More",5091
"Ilam","South Island general electorates","$150,001 or More",10977
"Invercargill","South Island general electorates","$150,001 or More",5118
"Kaikoura","South Island general electorates","$150,001 or More",4743
"Nelson","South Island general electorates","$150,001 or More",4986
"Port Hills","South Island general electorates","$150,001 or More",10239
"Rangitata","South Island general electorates","$150,001 or More",4746
"Selwyn","South Island general electorates","$150,001 or More",9651
"Waimakariri","South Island general electorates","$150,001 or More",7731
"Waitaki","South Island general electorates","$150,001 or More",4464
"West Coast-Tasman","South Island general electorates","$150,001 or More",4179
"Wigram","South Island general electorates","$150,001 or More",4611
"Area Outside General Electorate","South Island general electorates","$150,001 or More",NA
"Auckland Central","North Island general electorates","Not stated(4)",10728
"Bay of Plenty","North Island general electorates","Not stated(4)",9888
"Botany","North Island general electorates","Not stated(4)",10938
"Coromandel","North Island general electorates","Not stated(4)",9993
"East Coast","North Island general electorates","Not stated(4)",21828
"East Coast Bays","North Island general electorates","Not stated(4)",8577
"Epsom","North Island general electorates","Not stated(4)",8727
"Hamilton East","North Island general electorates","Not stated(4)",12528
"Hamilton West","North Island general electorates","Not stated(4)",12252
"Helensville","North Island general electorates","Not stated(4)",9510
"Hunua","North Island general electorates","Not stated(4)",10278
"Hutt South","North Island general electorates","Not stated(4)",10284
"Kelston","North Island general electorates","Not stated(4)",14469
"Mana","North Island general electorates","Not stated(4)",13401
"Mangere","North Island general electorates","Not stated(4)",23613
"Manukau East","North Island general electorates","Not stated(4)",20709
"Manurewa","North Island general electorates","Not stated(4)",22989
"Maungakiekie","North Island general electorates","Not stated(4)",14424
"Mt Albert","North Island general electorates","Not stated(4)",10179
"Mt Roskill","North Island general electorates","Not stated(4)",11769
"Napier","North Island general electorates","Not stated(4)",12021
"New Lynn","North Island general electorates","Not stated(4)",11466
"New Plymouth","North Island general electorates","Not stated(4)",10935
"North Shore","North Island general electorates","Not stated(4)",8226
"Northcote","North Island general electorates","Not stated(4)",10284
"Northland","North Island general electorates","Not stated(4)",19572
"Ohariu","North Island general electorates","Not stated(4)",6888
"Otaki","North Island general electorates","Not stated(4)",9747
"Pakuranga","North Island general electorates","Not stated(4)",8766
"Palmerston North","North Island general electorates","Not stated(4)",11091
"Papakura","North Island general electorates","Not stated(4)",15849
"Rangitikei","North Island general electorates","Not stated(4)",10506
"Rimutaka","North Island general electorates","Not stated(4)",11928
"Rodney","North Island general electorates","Not stated(4)",8178
"Rongotai","North Island general electorates","Not stated(4)",9990
"Rotorua","North Island general electorates","Not stated(4)",16668
"Tamaki","North Island general electorates","Not stated(4)",9093
"Taranaki-King Country","North Island general electorates","Not stated(4)",11577
"Taupo","North Island general electorates","Not stated(4)",12897
"Tauranga","North Island general electorates","Not stated(4)",9801
"Te Atatu","North Island general electorates","Not stated(4)",14184
"Tukituki","North Island general electorates","Not stated(4)",13938
"Upper Harbour","North Island general electorates","Not stated(4)",12519
"Waikato","North Island general electorates","Not stated(4)",12753
"Wairarapa","North Island general electorates","Not stated(4)",10152
"Wellington Central","North Island general electorates","Not stated(4)",8637
"Whanganui","North Island general electorates","Not stated(4)",12954
"Whangarei","North Island general electorates","Not stated(4)",13779
"Christchurch Central","South Island general electorates","Not stated(4)",9972
"Christchurch East","South Island general electorates","Not stated(4)",11136
"Clutha-Southland","South Island general electorates","Not stated(4)",9966
"Dunedin North","South Island general electorates","Not stated(4)",9435
"Dunedin South","South Island general electorates","Not stated(4)",8145
"Ilam","South Island general electorates","Not stated(4)",7728
"Invercargill","South Island general electorates","Not stated(4)",8520
"Kaikoura","South Island general electorates","Not stated(4)",9231
"Nelson","South Island general electorates","Not stated(4)",8472
"Port Hills","South Island general electorates","Not stated(4)",8391
"Rangitata","South Island general electorates","Not stated(4)",8340
"Selwyn","South Island general electorates","Not stated(4)",6819
"Waimakariri","South Island general electorates","Not stated(4)",6987
"Waitaki","South Island general electorates","Not stated(4)",9138
"West Coast-Tasman","South Island general electorates","Not stated(4)",9600
"Wigram","South Island general electorates","Not stated(4)",10038
"Area Outside General Electorate","South Island general electorates","Not stated(4)",NA
