"level0","level1","level2","Work and labour force status(1)","count"
"Male","15–19 Years","Hauraki-Waikato","Employed Full-time",780
"Female","15–19 Years","Hauraki-Waikato","Employed Full-time",393
"Male","20–24 Years","Hauraki-Waikato","Employed Full-time",1965
"Female","20–24 Years","Hauraki-Waikato","Employed Full-time",1329
"Male","25–29 Years","Hauraki-Waikato","Employed Full-time",1770
"Female","25–29 Years","Hauraki-Waikato","Employed Full-time",1236
"Male","30–34 Years","Hauraki-Waikato","Employed Full-time",1644
"Female","30–34 Years","Hauraki-Waikato","Employed Full-time",1170
"Male","35–39 Years","Hauraki-Waikato","Employed Full-time",1785
"Female","35–39 Years","Hauraki-Waikato","Employed Full-time",1380
"Male","40–44 Years","Hauraki-Waikato","Employed Full-time",1854
"Female","40–44 Years","Hauraki-Waikato","Employed Full-time",1551
"Male","45–49 Years","Hauraki-Waikato","Employed Full-time",1596
"Female","45–49 Years","Hauraki-Waikato","Employed Full-time",1536
"Male","50–54 Years","Hauraki-Waikato","Employed Full-time",1590
"Female","50–54 Years","Hauraki-Waikato","Employed Full-time",1449
"Male","55–59 Years","Hauraki-Waikato","Employed Full-time",1164
"Female","55–59 Years","Hauraki-Waikato","Employed Full-time",1026
"Male","60–64 Years","Hauraki-Waikato","Employed Full-time",777
"Female","60–64 Years","Hauraki-Waikato","Employed Full-time",573
"Male","65–69 Years","Hauraki-Waikato","Employed Full-time",360
"Female","65–69 Years","Hauraki-Waikato","Employed Full-time",195
"Male","70–74 Years","Hauraki-Waikato","Employed Full-time",90
"Female","70–74 Years","Hauraki-Waikato","Employed Full-time",51
"Male","75–79 Years","Hauraki-Waikato","Employed Full-time",18
"Female","75–79 Years","Hauraki-Waikato","Employed Full-time",9
"Male","80–84 Years","Hauraki-Waikato","Employed Full-time",0
"Female","80–84 Years","Hauraki-Waikato","Employed Full-time",3
"Male","85 Years And Over","Hauraki-Waikato","Employed Full-time",3
"Female","85 Years And Over","Hauraki-Waikato","Employed Full-time",0
"Male","15–19 Years","Ikaroa-Rāwhiti","Employed Full-time",738
"Female","15–19 Years","Ikaroa-Rāwhiti","Employed Full-time",411
"Male","20–24 Years","Ikaroa-Rāwhiti","Employed Full-time",1575
"Female","20–24 Years","Ikaroa-Rāwhiti","Employed Full-time",1083
"Male","25–29 Years","Ikaroa-Rāwhiti","Employed Full-time",1389
"Female","25–29 Years","Ikaroa-Rāwhiti","Employed Full-time",957
"Male","30–34 Years","Ikaroa-Rāwhiti","Employed Full-time",1422
"Female","30–34 Years","Ikaroa-Rāwhiti","Employed Full-time",1062
"Male","35–39 Years","Ikaroa-Rāwhiti","Employed Full-time",1545
"Female","35–39 Years","Ikaroa-Rāwhiti","Employed Full-time",1242
"Male","40–44 Years","Ikaroa-Rāwhiti","Employed Full-time",1635
"Female","40–44 Years","Ikaroa-Rāwhiti","Employed Full-time",1458
"Male","45–49 Years","Ikaroa-Rāwhiti","Employed Full-time",1536
"Female","45–49 Years","Ikaroa-Rāwhiti","Employed Full-time",1434
"Male","50–54 Years","Ikaroa-Rāwhiti","Employed Full-time",1509
"Female","50–54 Years","Ikaroa-Rāwhiti","Employed Full-time",1386
"Male","55–59 Years","Ikaroa-Rāwhiti","Employed Full-time",1197
"Female","55–59 Years","Ikaroa-Rāwhiti","Employed Full-time",981
"Male","60–64 Years","Ikaroa-Rāwhiti","Employed Full-time",861
"Female","60–64 Years","Ikaroa-Rāwhiti","Employed Full-time",669
"Male","65–69 Years","Ikaroa-Rāwhiti","Employed Full-time",363
"Female","65–69 Years","Ikaroa-Rāwhiti","Employed Full-time",222
"Male","70–74 Years","Ikaroa-Rāwhiti","Employed Full-time",99
"Female","70–74 Years","Ikaroa-Rāwhiti","Employed Full-time",63
"Male","75–79 Years","Ikaroa-Rāwhiti","Employed Full-time",21
"Female","75–79 Years","Ikaroa-Rāwhiti","Employed Full-time",18
"Male","80–84 Years","Ikaroa-Rāwhiti","Employed Full-time",6
"Female","80–84 Years","Ikaroa-Rāwhiti","Employed Full-time",0
"Male","85 Years And Over","Ikaroa-Rāwhiti","Employed Full-time",0
"Female","85 Years And Over","Ikaroa-Rāwhiti","Employed Full-time",0
"Male","15–19 Years","Tāmaki Makaurau","Employed Full-time",546
"Female","15–19 Years","Tāmaki Makaurau","Employed Full-time",336
"Male","20–24 Years","Tāmaki Makaurau","Employed Full-time",1920
"Female","20–24 Years","Tāmaki Makaurau","Employed Full-time",1659
"Male","25–29 Years","Tāmaki Makaurau","Employed Full-time",1794
"Female","25–29 Years","Tāmaki Makaurau","Employed Full-time",1623
"Male","30–34 Years","Tāmaki Makaurau","Employed Full-time",1662
"Female","30–34 Years","Tāmaki Makaurau","Employed Full-time",1485
"Male","35–39 Years","Tāmaki Makaurau","Employed Full-time",1725
"Female","35–39 Years","Tāmaki Makaurau","Employed Full-time",1500
"Male","40–44 Years","Tāmaki Makaurau","Employed Full-time",1830
"Female","40–44 Years","Tāmaki Makaurau","Employed Full-time",1662
"Male","45–49 Years","Tāmaki Makaurau","Employed Full-time",1716
"Female","45–49 Years","Tāmaki Makaurau","Employed Full-time",1518
"Male","50–54 Years","Tāmaki Makaurau","Employed Full-time",1419
"Female","50–54 Years","Tāmaki Makaurau","Employed Full-time",1377
"Male","55–59 Years","Tāmaki Makaurau","Employed Full-time",1065
"Female","55–59 Years","Tāmaki Makaurau","Employed Full-time",1038
"Male","60–64 Years","Tāmaki Makaurau","Employed Full-time",699
"Female","60–64 Years","Tāmaki Makaurau","Employed Full-time",606
"Male","65–69 Years","Tāmaki Makaurau","Employed Full-time",342
"Female","65–69 Years","Tāmaki Makaurau","Employed Full-time",222
"Male","70–74 Years","Tāmaki Makaurau","Employed Full-time",96
"Female","70–74 Years","Tāmaki Makaurau","Employed Full-time",66
"Male","75–79 Years","Tāmaki Makaurau","Employed Full-time",24
"Female","75–79 Years","Tāmaki Makaurau","Employed Full-time",9
"Male","80–84 Years","Tāmaki Makaurau","Employed Full-time",3
"Female","80–84 Years","Tāmaki Makaurau","Employed Full-time",3
"Male","85 Years And Over","Tāmaki Makaurau","Employed Full-time",0
"Female","85 Years And Over","Tāmaki Makaurau","Employed Full-time",0
"Male","15–19 Years","Te Tai Hauāuru","Employed Full-time",858
"Female","15–19 Years","Te Tai Hauāuru","Employed Full-time",408
"Male","20–24 Years","Te Tai Hauāuru","Employed Full-time",2016
"Female","20–24 Years","Te Tai Hauāuru","Employed Full-time",1272
"Male","25–29 Years","Te Tai Hauāuru","Employed Full-time",1782
"Female","25–29 Years","Te Tai Hauāuru","Employed Full-time",1107
"Male","30–34 Years","Te Tai Hauāuru","Employed Full-time",1725
"Female","30–34 Years","Te Tai Hauāuru","Employed Full-time",1191
"Male","35–39 Years","Te Tai Hauāuru","Employed Full-time",1722
"Female","35–39 Years","Te Tai Hauāuru","Employed Full-time",1410
"Male","40–44 Years","Te Tai Hauāuru","Employed Full-time",1983
"Female","40–44 Years","Te Tai Hauāuru","Employed Full-time",1716
"Male","45–49 Years","Te Tai Hauāuru","Employed Full-time",1848
"Female","45–49 Years","Te Tai Hauāuru","Employed Full-time",1536
"Male","50–54 Years","Te Tai Hauāuru","Employed Full-time",1674
"Female","50–54 Years","Te Tai Hauāuru","Employed Full-time",1587
"Male","55–59 Years","Te Tai Hauāuru","Employed Full-time",1269
"Female","55–59 Years","Te Tai Hauāuru","Employed Full-time",1065
"Male","60–64 Years","Te Tai Hauāuru","Employed Full-time",867
"Female","60–64 Years","Te Tai Hauāuru","Employed Full-time",672
"Male","65–69 Years","Te Tai Hauāuru","Employed Full-time",342
"Female","65–69 Years","Te Tai Hauāuru","Employed Full-time",228
"Male","70–74 Years","Te Tai Hauāuru","Employed Full-time",108
"Female","70–74 Years","Te Tai Hauāuru","Employed Full-time",87
"Male","75–79 Years","Te Tai Hauāuru","Employed Full-time",36
"Female","75–79 Years","Te Tai Hauāuru","Employed Full-time",9
"Male","80–84 Years","Te Tai Hauāuru","Employed Full-time",3
"Female","80–84 Years","Te Tai Hauāuru","Employed Full-time",0
"Male","85 Years And Over","Te Tai Hauāuru","Employed Full-time",6
"Female","85 Years And Over","Te Tai Hauāuru","Employed Full-time",3
"Male","15–19 Years","Te Tai Tokerau","Employed Full-time",789
"Female","15–19 Years","Te Tai Tokerau","Employed Full-time",408
"Male","20–24 Years","Te Tai Tokerau","Employed Full-time",1851
"Female","20–24 Years","Te Tai Tokerau","Employed Full-time",1254
"Male","25–29 Years","Te Tai Tokerau","Employed Full-time",1671
"Female","25–29 Years","Te Tai Tokerau","Employed Full-time",1146
"Male","30–34 Years","Te Tai Tokerau","Employed Full-time",1584
"Female","30–34 Years","Te Tai Tokerau","Employed Full-time",1143
"Male","35–39 Years","Te Tai Tokerau","Employed Full-time",1812
"Female","35–39 Years","Te Tai Tokerau","Employed Full-time",1335
"Male","40–44 Years","Te Tai Tokerau","Employed Full-time",1956
"Female","40–44 Years","Te Tai Tokerau","Employed Full-time",1548
"Male","45–49 Years","Te Tai Tokerau","Employed Full-time",1854
"Female","45–49 Years","Te Tai Tokerau","Employed Full-time",1521
"Male","50–54 Years","Te Tai Tokerau","Employed Full-time",1692
"Female","50–54 Years","Te Tai Tokerau","Employed Full-time",1647
"Male","55–59 Years","Te Tai Tokerau","Employed Full-time",1215
"Female","55–59 Years","Te Tai Tokerau","Employed Full-time",1077
"Male","60–64 Years","Te Tai Tokerau","Employed Full-time",897
"Female","60–64 Years","Te Tai Tokerau","Employed Full-time",750
"Male","65–69 Years","Te Tai Tokerau","Employed Full-time",396
"Female","65–69 Years","Te Tai Tokerau","Employed Full-time",219
"Male","70–74 Years","Te Tai Tokerau","Employed Full-time",132
"Female","70–74 Years","Te Tai Tokerau","Employed Full-time",81
"Male","75–79 Years","Te Tai Tokerau","Employed Full-time",27
"Female","75–79 Years","Te Tai Tokerau","Employed Full-time",3
"Male","80–84 Years","Te Tai Tokerau","Employed Full-time",9
"Female","80–84 Years","Te Tai Tokerau","Employed Full-time",3
"Male","85 Years And Over","Te Tai Tokerau","Employed Full-time",0
"Female","85 Years And Over","Te Tai Tokerau","Employed Full-time",0
"Male","15–19 Years","Te Tai Tonga","Employed Full-time",1434
"Female","15–19 Years","Te Tai Tonga","Employed Full-time",732
"Male","20–24 Years","Te Tai Tonga","Employed Full-time",3450
"Female","20–24 Years","Te Tai Tonga","Employed Full-time",2346
"Male","25–29 Years","Te Tai Tonga","Employed Full-time",2961
"Female","25–29 Years","Te Tai Tonga","Employed Full-time",1932
"Male","30–34 Years","Te Tai Tonga","Employed Full-time",2826
"Female","30–34 Years","Te Tai Tonga","Employed Full-time",1758
"Male","35–39 Years","Te Tai Tonga","Employed Full-time",2874
"Female","35–39 Years","Te Tai Tonga","Employed Full-time",1989
"Male","40–44 Years","Te Tai Tonga","Employed Full-time",3024
"Female","40–44 Years","Te Tai Tonga","Employed Full-time",2265
"Male","45–49 Years","Te Tai Tonga","Employed Full-time",2661
"Female","45–49 Years","Te Tai Tonga","Employed Full-time",2175
"Male","50–54 Years","Te Tai Tonga","Employed Full-time",2313
"Female","50–54 Years","Te Tai Tonga","Employed Full-time",1968
"Male","55–59 Years","Te Tai Tonga","Employed Full-time",1680
"Female","55–59 Years","Te Tai Tonga","Employed Full-time",1320
"Male","60–64 Years","Te Tai Tonga","Employed Full-time",1278
"Female","60–64 Years","Te Tai Tonga","Employed Full-time",786
"Male","65–69 Years","Te Tai Tonga","Employed Full-time",453
"Female","65–69 Years","Te Tai Tonga","Employed Full-time",264
"Male","70–74 Years","Te Tai Tonga","Employed Full-time",156
"Female","70–74 Years","Te Tai Tonga","Employed Full-time",60
"Male","75–79 Years","Te Tai Tonga","Employed Full-time",36
"Female","75–79 Years","Te Tai Tonga","Employed Full-time",9
"Male","80–84 Years","Te Tai Tonga","Employed Full-time",6
"Female","80–84 Years","Te Tai Tonga","Employed Full-time",3
"Male","85 Years And Over","Te Tai Tonga","Employed Full-time",3
"Female","85 Years And Over","Te Tai Tonga","Employed Full-time",3
"Male","15–19 Years","Waiariki","Employed Full-time",579
"Female","15–19 Years","Waiariki","Employed Full-time",294
"Male","20–24 Years","Waiariki","Employed Full-time",1380
"Female","20–24 Years","Waiariki","Employed Full-time",849
"Male","25–29 Years","Waiariki","Employed Full-time",1311
"Female","25–29 Years","Waiariki","Employed Full-time",828
"Male","30–34 Years","Waiariki","Employed Full-time",1347
"Female","30–34 Years","Waiariki","Employed Full-time",999
"Male","35–39 Years","Waiariki","Employed Full-time",1476
"Female","35–39 Years","Waiariki","Employed Full-time",1140
"Male","40–44 Years","Waiariki","Employed Full-time",1566
"Female","40–44 Years","Waiariki","Employed Full-time",1323
"Male","45–49 Years","Waiariki","Employed Full-time",1473
"Female","45–49 Years","Waiariki","Employed Full-time",1377
"Male","50–54 Years","Waiariki","Employed Full-time",1485
"Female","50–54 Years","Waiariki","Employed Full-time",1356
"Male","55–59 Years","Waiariki","Employed Full-time",1176
"Female","55–59 Years","Waiariki","Employed Full-time",1050
"Male","60–64 Years","Waiariki","Employed Full-time",822
"Female","60–64 Years","Waiariki","Employed Full-time",621
"Male","65–69 Years","Waiariki","Employed Full-time",315
"Female","65–69 Years","Waiariki","Employed Full-time",189
"Male","70–74 Years","Waiariki","Employed Full-time",132
"Female","70–74 Years","Waiariki","Employed Full-time",69
"Male","75–79 Years","Waiariki","Employed Full-time",27
"Female","75–79 Years","Waiariki","Employed Full-time",9
"Male","80–84 Years","Waiariki","Employed Full-time",9
"Female","80–84 Years","Waiariki","Employed Full-time",3
"Male","85 Years And Over","Waiariki","Employed Full-time",3
"Female","85 Years And Over","Waiariki","Employed Full-time",3
"Male","15–19 Years","Area Outside Māori Electorate","Employed Full-time",NA
"Female","15–19 Years","Area Outside Māori Electorate","Employed Full-time",NA
"Male","20–24 Years","Area Outside Māori Electorate","Employed Full-time",NA
"Female","20–24 Years","Area Outside Māori Electorate","Employed Full-time",NA
"Male","25–29 Years","Area Outside Māori Electorate","Employed Full-time",NA
"Female","25–29 Years","Area Outside Māori Electorate","Employed Full-time",NA
"Male","30–34 Years","Area Outside Māori Electorate","Employed Full-time",NA
"Female","30–34 Years","Area Outside Māori Electorate","Employed Full-time",NA
"Male","35–39 Years","Area Outside Māori Electorate","Employed Full-time",NA
"Female","35–39 Years","Area Outside Māori Electorate","Employed Full-time",NA
"Male","40–44 Years","Area Outside Māori Electorate","Employed Full-time",NA
"Female","40–44 Years","Area Outside Māori Electorate","Employed Full-time",NA
"Male","45–49 Years","Area Outside Māori Electorate","Employed Full-time",NA
"Female","45–49 Years","Area Outside Māori Electorate","Employed Full-time",NA
"Male","50–54 Years","Area Outside Māori Electorate","Employed Full-time",NA
"Female","50–54 Years","Area Outside Māori Electorate","Employed Full-time",NA
"Male","55–59 Years","Area Outside Māori Electorate","Employed Full-time",NA
"Female","55–59 Years","Area Outside Māori Electorate","Employed Full-time",NA
"Male","60–64 Years","Area Outside Māori Electorate","Employed Full-time",NA
"Female","60–64 Years","Area Outside Māori Electorate","Employed Full-time",NA
"Male","65–69 Years","Area Outside Māori Electorate","Employed Full-time",NA
"Female","65–69 Years","Area Outside Māori Electorate","Employed Full-time",NA
"Male","70–74 Years","Area Outside Māori Electorate","Employed Full-time",NA
"Female","70–74 Years","Area Outside Māori Electorate","Employed Full-time",NA
"Male","75–79 Years","Area Outside Māori Electorate","Employed Full-time",NA
"Female","75–79 Years","Area Outside Māori Electorate","Employed Full-time",NA
"Male","80–84 Years","Area Outside Māori Electorate","Employed Full-time",NA
"Female","80–84 Years","Area Outside Māori Electorate","Employed Full-time",NA
"Male","85 Years And Over","Area Outside Māori Electorate","Employed Full-time",NA
"Female","85 Years And Over","Area Outside Māori Electorate","Employed Full-time",NA
"Male","15–19 Years","Hauraki-Waikato","Employed Part-time",621
"Female","15–19 Years","Hauraki-Waikato","Employed Part-time",879
"Male","20–24 Years","Hauraki-Waikato","Employed Part-time",366
"Female","20–24 Years","Hauraki-Waikato","Employed Part-time",708
"Male","25–29 Years","Hauraki-Waikato","Employed Part-time",183
"Female","25–29 Years","Hauraki-Waikato","Employed Part-time",411
"Male","30–34 Years","Hauraki-Waikato","Employed Part-time",126
"Female","30–34 Years","Hauraki-Waikato","Employed Part-time",519
"Male","35–39 Years","Hauraki-Waikato","Employed Part-time",135
"Female","35–39 Years","Hauraki-Waikato","Employed Part-time",579
"Male","40–44 Years","Hauraki-Waikato","Employed Part-time",135
"Female","40–44 Years","Hauraki-Waikato","Employed Part-time",645
"Male","45–49 Years","Hauraki-Waikato","Employed Part-time",123
"Female","45–49 Years","Hauraki-Waikato","Employed Part-time",519
"Male","50–54 Years","Hauraki-Waikato","Employed Part-time",129
"Female","50–54 Years","Hauraki-Waikato","Employed Part-time",453
"Male","55–59 Years","Hauraki-Waikato","Employed Part-time",141
"Female","55–59 Years","Hauraki-Waikato","Employed Part-time",363
"Male","60–64 Years","Hauraki-Waikato","Employed Part-time",129
"Female","60–64 Years","Hauraki-Waikato","Employed Part-time",288
"Male","65–69 Years","Hauraki-Waikato","Employed Part-time",99
"Female","65–69 Years","Hauraki-Waikato","Employed Part-time",159
"Male","70–74 Years","Hauraki-Waikato","Employed Part-time",69
"Female","70–74 Years","Hauraki-Waikato","Employed Part-time",84
"Male","75–79 Years","Hauraki-Waikato","Employed Part-time",36
"Female","75–79 Years","Hauraki-Waikato","Employed Part-time",33
"Male","80–84 Years","Hauraki-Waikato","Employed Part-time",6
"Female","80–84 Years","Hauraki-Waikato","Employed Part-time",12
"Male","85 Years And Over","Hauraki-Waikato","Employed Part-time",3
"Female","85 Years And Over","Hauraki-Waikato","Employed Part-time",3
"Male","15–19 Years","Ikaroa-Rāwhiti","Employed Part-time",561
"Female","15–19 Years","Ikaroa-Rāwhiti","Employed Part-time",810
"Male","20–24 Years","Ikaroa-Rāwhiti","Employed Part-time",264
"Female","20–24 Years","Ikaroa-Rāwhiti","Employed Part-time",483
"Male","25–29 Years","Ikaroa-Rāwhiti","Employed Part-time",123
"Female","25–29 Years","Ikaroa-Rāwhiti","Employed Part-time",411
"Male","30–34 Years","Ikaroa-Rāwhiti","Employed Part-time",108
"Female","30–34 Years","Ikaroa-Rāwhiti","Employed Part-time",456
"Male","35–39 Years","Ikaroa-Rāwhiti","Employed Part-time",144
"Female","35–39 Years","Ikaroa-Rāwhiti","Employed Part-time",528
"Male","40–44 Years","Ikaroa-Rāwhiti","Employed Part-time",153
"Female","40–44 Years","Ikaroa-Rāwhiti","Employed Part-time",630
"Male","45–49 Years","Ikaroa-Rāwhiti","Employed Part-time",138
"Female","45–49 Years","Ikaroa-Rāwhiti","Employed Part-time",516
"Male","50–54 Years","Ikaroa-Rāwhiti","Employed Part-time",138
"Female","50–54 Years","Ikaroa-Rāwhiti","Employed Part-time",513
"Male","55–59 Years","Ikaroa-Rāwhiti","Employed Part-time",126
"Female","55–59 Years","Ikaroa-Rāwhiti","Employed Part-time",408
"Male","60–64 Years","Ikaroa-Rāwhiti","Employed Part-time",129
"Female","60–64 Years","Ikaroa-Rāwhiti","Employed Part-time",315
"Male","65–69 Years","Ikaroa-Rāwhiti","Employed Part-time",102
"Female","65–69 Years","Ikaroa-Rāwhiti","Employed Part-time",189
"Male","70–74 Years","Ikaroa-Rāwhiti","Employed Part-time",81
"Female","70–74 Years","Ikaroa-Rāwhiti","Employed Part-time",96
"Male","75–79 Years","Ikaroa-Rāwhiti","Employed Part-time",36
"Female","75–79 Years","Ikaroa-Rāwhiti","Employed Part-time",45
"Male","80–84 Years","Ikaroa-Rāwhiti","Employed Part-time",15
"Female","80–84 Years","Ikaroa-Rāwhiti","Employed Part-time",18
"Male","85 Years And Over","Ikaroa-Rāwhiti","Employed Part-time",9
"Female","85 Years And Over","Ikaroa-Rāwhiti","Employed Part-time",3
"Male","15–19 Years","Tāmaki Makaurau","Employed Part-time",564
"Female","15–19 Years","Tāmaki Makaurau","Employed Part-time",795
"Male","20–24 Years","Tāmaki Makaurau","Employed Part-time",462
"Female","20–24 Years","Tāmaki Makaurau","Employed Part-time",738
"Male","25–29 Years","Tāmaki Makaurau","Employed Part-time",186
"Female","25–29 Years","Tāmaki Makaurau","Employed Part-time",357
"Male","30–34 Years","Tāmaki Makaurau","Employed Part-time",138
"Female","30–34 Years","Tāmaki Makaurau","Employed Part-time",378
"Male","35–39 Years","Tāmaki Makaurau","Employed Part-time",150
"Female","35–39 Years","Tāmaki Makaurau","Employed Part-time",432
"Male","40–44 Years","Tāmaki Makaurau","Employed Part-time",150
"Female","40–44 Years","Tāmaki Makaurau","Employed Part-time",492
"Male","45–49 Years","Tāmaki Makaurau","Employed Part-time",120
"Female","45–49 Years","Tāmaki Makaurau","Employed Part-time",405
"Male","50–54 Years","Tāmaki Makaurau","Employed Part-time",120
"Female","50–54 Years","Tāmaki Makaurau","Employed Part-time",366
"Male","55–59 Years","Tāmaki Makaurau","Employed Part-time",102
"Female","55–59 Years","Tāmaki Makaurau","Employed Part-time",264
"Male","60–64 Years","Tāmaki Makaurau","Employed Part-time",99
"Female","60–64 Years","Tāmaki Makaurau","Employed Part-time",240
"Male","65–69 Years","Tāmaki Makaurau","Employed Part-time",105
"Female","65–69 Years","Tāmaki Makaurau","Employed Part-time",129
"Male","70–74 Years","Tāmaki Makaurau","Employed Part-time",54
"Female","70–74 Years","Tāmaki Makaurau","Employed Part-time",96
"Male","75–79 Years","Tāmaki Makaurau","Employed Part-time",33
"Female","75–79 Years","Tāmaki Makaurau","Employed Part-time",36
"Male","80–84 Years","Tāmaki Makaurau","Employed Part-time",6
"Female","80–84 Years","Tāmaki Makaurau","Employed Part-time",15
"Male","85 Years And Over","Tāmaki Makaurau","Employed Part-time",6
"Female","85 Years And Over","Tāmaki Makaurau","Employed Part-time",3
"Male","15–19 Years","Te Tai Hauāuru","Employed Part-time",681
"Female","15–19 Years","Te Tai Hauāuru","Employed Part-time",1017
"Male","20–24 Years","Te Tai Hauāuru","Employed Part-time",357
"Female","20–24 Years","Te Tai Hauāuru","Employed Part-time",651
"Male","25–29 Years","Te Tai Hauāuru","Employed Part-time",132
"Female","25–29 Years","Te Tai Hauāuru","Employed Part-time",549
"Male","30–34 Years","Te Tai Hauāuru","Employed Part-time",153
"Female","30–34 Years","Te Tai Hauāuru","Employed Part-time",543
"Male","35–39 Years","Te Tai Hauāuru","Employed Part-time",138
"Female","35–39 Years","Te Tai Hauāuru","Employed Part-time",627
"Male","40–44 Years","Te Tai Hauāuru","Employed Part-time",174
"Female","40–44 Years","Te Tai Hauāuru","Employed Part-time",633
"Male","45–49 Years","Te Tai Hauāuru","Employed Part-time",171
"Female","45–49 Years","Te Tai Hauāuru","Employed Part-time",633
"Male","50–54 Years","Te Tai Hauāuru","Employed Part-time",174
"Female","50–54 Years","Te Tai Hauāuru","Employed Part-time",549
"Male","55–59 Years","Te Tai Hauāuru","Employed Part-time",126
"Female","55–59 Years","Te Tai Hauāuru","Employed Part-time",396
"Male","60–64 Years","Te Tai Hauāuru","Employed Part-time",141
"Female","60–64 Years","Te Tai Hauāuru","Employed Part-time",354
"Male","65–69 Years","Te Tai Hauāuru","Employed Part-time",132
"Female","65–69 Years","Te Tai Hauāuru","Employed Part-time",180
"Male","70–74 Years","Te Tai Hauāuru","Employed Part-time",69
"Female","70–74 Years","Te Tai Hauāuru","Employed Part-time",99
"Male","75–79 Years","Te Tai Hauāuru","Employed Part-time",39
"Female","75–79 Years","Te Tai Hauāuru","Employed Part-time",33
"Male","80–84 Years","Te Tai Hauāuru","Employed Part-time",18
"Female","80–84 Years","Te Tai Hauāuru","Employed Part-time",21
"Male","85 Years And Over","Te Tai Hauāuru","Employed Part-time",9
"Female","85 Years And Over","Te Tai Hauāuru","Employed Part-time",9
"Male","15–19 Years","Te Tai Tokerau","Employed Part-time",642
"Female","15–19 Years","Te Tai Tokerau","Employed Part-time",876
"Male","20–24 Years","Te Tai Tokerau","Employed Part-time",330
"Female","20–24 Years","Te Tai Tokerau","Employed Part-time",642
"Male","25–29 Years","Te Tai Tokerau","Employed Part-time",147
"Female","25–29 Years","Te Tai Tokerau","Employed Part-time",390
"Male","30–34 Years","Te Tai Tokerau","Employed Part-time",135
"Female","30–34 Years","Te Tai Tokerau","Employed Part-time",459
"Male","35–39 Years","Te Tai Tokerau","Employed Part-time",126
"Female","35–39 Years","Te Tai Tokerau","Employed Part-time",594
"Male","40–44 Years","Te Tai Tokerau","Employed Part-time",189
"Female","40–44 Years","Te Tai Tokerau","Employed Part-time",633
"Male","45–49 Years","Te Tai Tokerau","Employed Part-time",171
"Female","45–49 Years","Te Tai Tokerau","Employed Part-time",603
"Male","50–54 Years","Te Tai Tokerau","Employed Part-time",171
"Female","50–54 Years","Te Tai Tokerau","Employed Part-time",585
"Male","55–59 Years","Te Tai Tokerau","Employed Part-time",147
"Female","55–59 Years","Te Tai Tokerau","Employed Part-time",447
"Male","60–64 Years","Te Tai Tokerau","Employed Part-time",135
"Female","60–64 Years","Te Tai Tokerau","Employed Part-time",360
"Male","65–69 Years","Te Tai Tokerau","Employed Part-time",132
"Female","65–69 Years","Te Tai Tokerau","Employed Part-time",204
"Male","70–74 Years","Te Tai Tokerau","Employed Part-time",102
"Female","70–74 Years","Te Tai Tokerau","Employed Part-time",102
"Male","75–79 Years","Te Tai Tokerau","Employed Part-time",54
"Female","75–79 Years","Te Tai Tokerau","Employed Part-time",54
"Male","80–84 Years","Te Tai Tokerau","Employed Part-time",15
"Female","80–84 Years","Te Tai Tokerau","Employed Part-time",24
"Male","85 Years And Over","Te Tai Tokerau","Employed Part-time",3
"Female","85 Years And Over","Te Tai Tokerau","Employed Part-time",3
"Male","15–19 Years","Te Tai Tonga","Employed Part-time",1107
"Female","15–19 Years","Te Tai Tonga","Employed Part-time",1641
"Male","20–24 Years","Te Tai Tonga","Employed Part-time",639
"Female","20–24 Years","Te Tai Tonga","Employed Part-time",1206
"Male","25–29 Years","Te Tai Tonga","Employed Part-time",213
"Female","25–29 Years","Te Tai Tonga","Employed Part-time",741
"Male","30–34 Years","Te Tai Tonga","Employed Part-time",165
"Female","30–34 Years","Te Tai Tonga","Employed Part-time",825
"Male","35–39 Years","Te Tai Tonga","Employed Part-time",198
"Female","35–39 Years","Te Tai Tonga","Employed Part-time",927
"Male","40–44 Years","Te Tai Tonga","Employed Part-time",192
"Female","40–44 Years","Te Tai Tonga","Employed Part-time",984
"Male","45–49 Years","Te Tai Tonga","Employed Part-time",213
"Female","45–49 Years","Te Tai Tonga","Employed Part-time",765
"Male","50–54 Years","Te Tai Tonga","Employed Part-time",171
"Female","50–54 Years","Te Tai Tonga","Employed Part-time",729
"Male","55–59 Years","Te Tai Tonga","Employed Part-time",186
"Female","55–59 Years","Te Tai Tonga","Employed Part-time",513
"Male","60–64 Years","Te Tai Tonga","Employed Part-time",177
"Female","60–64 Years","Te Tai Tonga","Employed Part-time",390
"Male","65–69 Years","Te Tai Tonga","Employed Part-time",153
"Female","65–69 Years","Te Tai Tonga","Employed Part-time",234
"Male","70–74 Years","Te Tai Tonga","Employed Part-time",123
"Female","70–74 Years","Te Tai Tonga","Employed Part-time",108
"Male","75–79 Years","Te Tai Tonga","Employed Part-time",36
"Female","75–79 Years","Te Tai Tonga","Employed Part-time",27
"Male","80–84 Years","Te Tai Tonga","Employed Part-time",21
"Female","80–84 Years","Te Tai Tonga","Employed Part-time",18
"Male","85 Years And Over","Te Tai Tonga","Employed Part-time",3
"Female","85 Years And Over","Te Tai Tonga","Employed Part-time",3
"Male","15–19 Years","Waiariki","Employed Part-time",555
"Female","15–19 Years","Waiariki","Employed Part-time",816
"Male","20–24 Years","Waiariki","Employed Part-time",258
"Female","20–24 Years","Waiariki","Employed Part-time",480
"Male","25–29 Years","Waiariki","Employed Part-time",144
"Female","25–29 Years","Waiariki","Employed Part-time",459
"Male","30–34 Years","Waiariki","Employed Part-time",120
"Female","30–34 Years","Waiariki","Employed Part-time",492
"Male","35–39 Years","Waiariki","Employed Part-time",153
"Female","35–39 Years","Waiariki","Employed Part-time",603
"Male","40–44 Years","Waiariki","Employed Part-time",159
"Female","40–44 Years","Waiariki","Employed Part-time",597
"Male","45–49 Years","Waiariki","Employed Part-time",159
"Female","45–49 Years","Waiariki","Employed Part-time",522
"Male","50–54 Years","Waiariki","Employed Part-time",192
"Female","50–54 Years","Waiariki","Employed Part-time",558
"Male","55–59 Years","Waiariki","Employed Part-time",141
"Female","55–59 Years","Waiariki","Employed Part-time",450
"Male","60–64 Years","Waiariki","Employed Part-time",144
"Female","60–64 Years","Waiariki","Employed Part-time",327
"Male","65–69 Years","Waiariki","Employed Part-time",123
"Female","65–69 Years","Waiariki","Employed Part-time",198
"Male","70–74 Years","Waiariki","Employed Part-time",90
"Female","70–74 Years","Waiariki","Employed Part-time",102
"Male","75–79 Years","Waiariki","Employed Part-time",42
"Female","75–79 Years","Waiariki","Employed Part-time",48
"Male","80–84 Years","Waiariki","Employed Part-time",21
"Female","80–84 Years","Waiariki","Employed Part-time",18
"Male","85 Years And Over","Waiariki","Employed Part-time",6
"Female","85 Years And Over","Waiariki","Employed Part-time",9
"Male","15–19 Years","Area Outside Māori Electorate","Employed Part-time",NA
"Female","15–19 Years","Area Outside Māori Electorate","Employed Part-time",NA
"Male","20–24 Years","Area Outside Māori Electorate","Employed Part-time",NA
"Female","20–24 Years","Area Outside Māori Electorate","Employed Part-time",NA
"Male","25–29 Years","Area Outside Māori Electorate","Employed Part-time",NA
"Female","25–29 Years","Area Outside Māori Electorate","Employed Part-time",NA
"Male","30–34 Years","Area Outside Māori Electorate","Employed Part-time",NA
"Female","30–34 Years","Area Outside Māori Electorate","Employed Part-time",NA
"Male","35–39 Years","Area Outside Māori Electorate","Employed Part-time",NA
"Female","35–39 Years","Area Outside Māori Electorate","Employed Part-time",NA
"Male","40–44 Years","Area Outside Māori Electorate","Employed Part-time",NA
"Female","40–44 Years","Area Outside Māori Electorate","Employed Part-time",NA
"Male","45–49 Years","Area Outside Māori Electorate","Employed Part-time",NA
"Female","45–49 Years","Area Outside Māori Electorate","Employed Part-time",NA
"Male","50–54 Years","Area Outside Māori Electorate","Employed Part-time",NA
"Female","50–54 Years","Area Outside Māori Electorate","Employed Part-time",NA
"Male","55–59 Years","Area Outside Māori Electorate","Employed Part-time",NA
"Female","55–59 Years","Area Outside Māori Electorate","Employed Part-time",NA
"Male","60–64 Years","Area Outside Māori Electorate","Employed Part-time",NA
"Female","60–64 Years","Area Outside Māori Electorate","Employed Part-time",NA
"Male","65–69 Years","Area Outside Māori Electorate","Employed Part-time",NA
"Female","65–69 Years","Area Outside Māori Electorate","Employed Part-time",NA
"Male","70–74 Years","Area Outside Māori Electorate","Employed Part-time",NA
"Female","70–74 Years","Area Outside Māori Electorate","Employed Part-time",NA
"Male","75–79 Years","Area Outside Māori Electorate","Employed Part-time",NA
"Female","75–79 Years","Area Outside Māori Electorate","Employed Part-time",NA
"Male","80–84 Years","Area Outside Māori Electorate","Employed Part-time",NA
"Female","80–84 Years","Area Outside Māori Electorate","Employed Part-time",NA
"Male","85 Years And Over","Area Outside Māori Electorate","Employed Part-time",NA
"Female","85 Years And Over","Area Outside Māori Electorate","Employed Part-time",NA
"Male","15–19 Years","Hauraki-Waikato","Unemployed",699
"Female","15–19 Years","Hauraki-Waikato","Unemployed",879
"Male","20–24 Years","Hauraki-Waikato","Unemployed",591
"Female","20–24 Years","Hauraki-Waikato","Unemployed",741
"Male","25–29 Years","Hauraki-Waikato","Unemployed",306
"Female","25–29 Years","Hauraki-Waikato","Unemployed",501
"Male","30–34 Years","Hauraki-Waikato","Unemployed",234
"Female","30–34 Years","Hauraki-Waikato","Unemployed",411
"Male","35–39 Years","Hauraki-Waikato","Unemployed",201
"Female","35–39 Years","Hauraki-Waikato","Unemployed",360
"Male","40–44 Years","Hauraki-Waikato","Unemployed",198
"Female","40–44 Years","Hauraki-Waikato","Unemployed",351
"Male","45–49 Years","Hauraki-Waikato","Unemployed",198
"Female","45–49 Years","Hauraki-Waikato","Unemployed",264
"Male","50–54 Years","Hauraki-Waikato","Unemployed",159
"Female","50–54 Years","Hauraki-Waikato","Unemployed",177
"Male","55–59 Years","Hauraki-Waikato","Unemployed",96
"Female","55–59 Years","Hauraki-Waikato","Unemployed",144
"Male","60–64 Years","Hauraki-Waikato","Unemployed",78
"Female","60–64 Years","Hauraki-Waikato","Unemployed",69
"Male","65–69 Years","Hauraki-Waikato","Unemployed",15
"Female","65–69 Years","Hauraki-Waikato","Unemployed",9
"Male","70–74 Years","Hauraki-Waikato","Unemployed",9
"Female","70–74 Years","Hauraki-Waikato","Unemployed",3
"Male","75–79 Years","Hauraki-Waikato","Unemployed",3
"Female","75–79 Years","Hauraki-Waikato","Unemployed",0
"Male","80–84 Years","Hauraki-Waikato","Unemployed",0
"Female","80–84 Years","Hauraki-Waikato","Unemployed",0
"Male","85 Years And Over","Hauraki-Waikato","Unemployed",0
"Female","85 Years And Over","Hauraki-Waikato","Unemployed",0
"Male","15–19 Years","Ikaroa-Rāwhiti","Unemployed",618
"Female","15–19 Years","Ikaroa-Rāwhiti","Unemployed",636
"Male","20–24 Years","Ikaroa-Rāwhiti","Unemployed",417
"Female","20–24 Years","Ikaroa-Rāwhiti","Unemployed",594
"Male","25–29 Years","Ikaroa-Rāwhiti","Unemployed",246
"Female","25–29 Years","Ikaroa-Rāwhiti","Unemployed",426
"Male","30–34 Years","Ikaroa-Rāwhiti","Unemployed",225
"Female","30–34 Years","Ikaroa-Rāwhiti","Unemployed",342
"Male","35–39 Years","Ikaroa-Rāwhiti","Unemployed",183
"Female","35–39 Years","Ikaroa-Rāwhiti","Unemployed",282
"Male","40–44 Years","Ikaroa-Rāwhiti","Unemployed",201
"Female","40–44 Years","Ikaroa-Rāwhiti","Unemployed",258
"Male","45–49 Years","Ikaroa-Rāwhiti","Unemployed",174
"Female","45–49 Years","Ikaroa-Rāwhiti","Unemployed",225
"Male","50–54 Years","Ikaroa-Rāwhiti","Unemployed",144
"Female","50–54 Years","Ikaroa-Rāwhiti","Unemployed",153
"Male","55–59 Years","Ikaroa-Rāwhiti","Unemployed",108
"Female","55–59 Years","Ikaroa-Rāwhiti","Unemployed",99
"Male","60–64 Years","Ikaroa-Rāwhiti","Unemployed",69
"Female","60–64 Years","Ikaroa-Rāwhiti","Unemployed",60
"Male","65–69 Years","Ikaroa-Rāwhiti","Unemployed",15
"Female","65–69 Years","Ikaroa-Rāwhiti","Unemployed",9
"Male","70–74 Years","Ikaroa-Rāwhiti","Unemployed",6
"Female","70–74 Years","Ikaroa-Rāwhiti","Unemployed",3
"Male","75–79 Years","Ikaroa-Rāwhiti","Unemployed",3
"Female","75–79 Years","Ikaroa-Rāwhiti","Unemployed",0
"Male","80–84 Years","Ikaroa-Rāwhiti","Unemployed",0
"Female","80–84 Years","Ikaroa-Rāwhiti","Unemployed",0
"Male","85 Years And Over","Ikaroa-Rāwhiti","Unemployed",0
"Female","85 Years And Over","Ikaroa-Rāwhiti","Unemployed",0
"Male","15–19 Years","Tāmaki Makaurau","Unemployed",657
"Female","15–19 Years","Tāmaki Makaurau","Unemployed",789
"Male","20–24 Years","Tāmaki Makaurau","Unemployed",549
"Female","20–24 Years","Tāmaki Makaurau","Unemployed",780
"Male","25–29 Years","Tāmaki Makaurau","Unemployed",279
"Female","25–29 Years","Tāmaki Makaurau","Unemployed",456
"Male","30–34 Years","Tāmaki Makaurau","Unemployed",234
"Female","30–34 Years","Tāmaki Makaurau","Unemployed",312
"Male","35–39 Years","Tāmaki Makaurau","Unemployed",195
"Female","35–39 Years","Tāmaki Makaurau","Unemployed",285
"Male","40–44 Years","Tāmaki Makaurau","Unemployed",201
"Female","40–44 Years","Tāmaki Makaurau","Unemployed",312
"Male","45–49 Years","Tāmaki Makaurau","Unemployed",183
"Female","45–49 Years","Tāmaki Makaurau","Unemployed",276
"Male","50–54 Years","Tāmaki Makaurau","Unemployed",162
"Female","50–54 Years","Tāmaki Makaurau","Unemployed",201
"Male","55–59 Years","Tāmaki Makaurau","Unemployed",102
"Female","55–59 Years","Tāmaki Makaurau","Unemployed",123
"Male","60–64 Years","Tāmaki Makaurau","Unemployed",63
"Female","60–64 Years","Tāmaki Makaurau","Unemployed",69
"Male","65–69 Years","Tāmaki Makaurau","Unemployed",15
"Female","65–69 Years","Tāmaki Makaurau","Unemployed",15
"Male","70–74 Years","Tāmaki Makaurau","Unemployed",9
"Female","70–74 Years","Tāmaki Makaurau","Unemployed",6
"Male","75–79 Years","Tāmaki Makaurau","Unemployed",3
"Female","75–79 Years","Tāmaki Makaurau","Unemployed",0
"Male","80–84 Years","Tāmaki Makaurau","Unemployed",0
"Female","80–84 Years","Tāmaki Makaurau","Unemployed",0
"Male","85 Years And Over","Tāmaki Makaurau","Unemployed",0
"Female","85 Years And Over","Tāmaki Makaurau","Unemployed",0
"Male","15–19 Years","Te Tai Hauāuru","Unemployed",762
"Female","15–19 Years","Te Tai Hauāuru","Unemployed",819
"Male","20–24 Years","Te Tai Hauāuru","Unemployed",552
"Female","20–24 Years","Te Tai Hauāuru","Unemployed",675
"Male","25–29 Years","Te Tai Hauāuru","Unemployed",294
"Female","25–29 Years","Te Tai Hauāuru","Unemployed",480
"Male","30–34 Years","Te Tai Hauāuru","Unemployed",222
"Female","30–34 Years","Te Tai Hauāuru","Unemployed",342
"Male","35–39 Years","Te Tai Hauāuru","Unemployed",204
"Female","35–39 Years","Te Tai Hauāuru","Unemployed",306
"Male","40–44 Years","Te Tai Hauāuru","Unemployed",216
"Female","40–44 Years","Te Tai Hauāuru","Unemployed",327
"Male","45–49 Years","Te Tai Hauāuru","Unemployed",201
"Female","45–49 Years","Te Tai Hauāuru","Unemployed",219
"Male","50–54 Years","Te Tai Hauāuru","Unemployed",168
"Female","50–54 Years","Te Tai Hauāuru","Unemployed",180
"Male","55–59 Years","Te Tai Hauāuru","Unemployed",114
"Female","55–59 Years","Te Tai Hauāuru","Unemployed",120
"Male","60–64 Years","Te Tai Hauāuru","Unemployed",84
"Female","60–64 Years","Te Tai Hauāuru","Unemployed",60
"Male","65–69 Years","Te Tai Hauāuru","Unemployed",18
"Female","65–69 Years","Te Tai Hauāuru","Unemployed",12
"Male","70–74 Years","Te Tai Hauāuru","Unemployed",6
"Female","70–74 Years","Te Tai Hauāuru","Unemployed",3
"Male","75–79 Years","Te Tai Hauāuru","Unemployed",3
"Female","75–79 Years","Te Tai Hauāuru","Unemployed",0
"Male","80–84 Years","Te Tai Hauāuru","Unemployed",3
"Female","80–84 Years","Te Tai Hauāuru","Unemployed",0
"Male","85 Years And Over","Te Tai Hauāuru","Unemployed",0
"Female","85 Years And Over","Te Tai Hauāuru","Unemployed",0
"Male","15–19 Years","Te Tai Tokerau","Unemployed",705
"Female","15–19 Years","Te Tai Tokerau","Unemployed",771
"Male","20–24 Years","Te Tai Tokerau","Unemployed",540
"Female","20–24 Years","Te Tai Tokerau","Unemployed",555
"Male","25–29 Years","Te Tai Tokerau","Unemployed",285
"Female","25–29 Years","Te Tai Tokerau","Unemployed",429
"Male","30–34 Years","Te Tai Tokerau","Unemployed",210
"Female","30–34 Years","Te Tai Tokerau","Unemployed",312
"Male","35–39 Years","Te Tai Tokerau","Unemployed",204
"Female","35–39 Years","Te Tai Tokerau","Unemployed",306
"Male","40–44 Years","Te Tai Tokerau","Unemployed",225
"Female","40–44 Years","Te Tai Tokerau","Unemployed",318
"Male","45–49 Years","Te Tai Tokerau","Unemployed",225
"Female","45–49 Years","Te Tai Tokerau","Unemployed",279
"Male","50–54 Years","Te Tai Tokerau","Unemployed",195
"Female","50–54 Years","Te Tai Tokerau","Unemployed",225
"Male","55–59 Years","Te Tai Tokerau","Unemployed",129
"Female","55–59 Years","Te Tai Tokerau","Unemployed",132
"Male","60–64 Years","Te Tai Tokerau","Unemployed",69
"Female","60–64 Years","Te Tai Tokerau","Unemployed",66
"Male","65–69 Years","Te Tai Tokerau","Unemployed",21
"Female","65–69 Years","Te Tai Tokerau","Unemployed",21
"Male","70–74 Years","Te Tai Tokerau","Unemployed",15
"Female","70–74 Years","Te Tai Tokerau","Unemployed",0
"Male","75–79 Years","Te Tai Tokerau","Unemployed",0
"Female","75–79 Years","Te Tai Tokerau","Unemployed",0
"Male","80–84 Years","Te Tai Tokerau","Unemployed",0
"Female","80–84 Years","Te Tai Tokerau","Unemployed",3
"Male","85 Years And Over","Te Tai Tokerau","Unemployed",0
"Female","85 Years And Over","Te Tai Tokerau","Unemployed",0
"Male","15–19 Years","Te Tai Tonga","Unemployed",708
"Female","15–19 Years","Te Tai Tonga","Unemployed",915
"Male","20–24 Years","Te Tai Tonga","Unemployed",495
"Female","20–24 Years","Te Tai Tonga","Unemployed",648
"Male","25–29 Years","Te Tai Tonga","Unemployed",234
"Female","25–29 Years","Te Tai Tonga","Unemployed",390
"Male","30–34 Years","Te Tai Tonga","Unemployed",171
"Female","30–34 Years","Te Tai Tonga","Unemployed",288
"Male","35–39 Years","Te Tai Tonga","Unemployed",153
"Female","35–39 Years","Te Tai Tonga","Unemployed",222
"Male","40–44 Years","Te Tai Tonga","Unemployed",165
"Female","40–44 Years","Te Tai Tonga","Unemployed",246
"Male","45–49 Years","Te Tai Tonga","Unemployed",147
"Female","45–49 Years","Te Tai Tonga","Unemployed",183
"Male","50–54 Years","Te Tai Tonga","Unemployed",132
"Female","50–54 Years","Te Tai Tonga","Unemployed",156
"Male","55–59 Years","Te Tai Tonga","Unemployed",75
"Female","55–59 Years","Te Tai Tonga","Unemployed",99
"Male","60–64 Years","Te Tai Tonga","Unemployed",63
"Female","60–64 Years","Te Tai Tonga","Unemployed",45
"Male","65–69 Years","Te Tai Tonga","Unemployed",15
"Female","65–69 Years","Te Tai Tonga","Unemployed",6
"Male","70–74 Years","Te Tai Tonga","Unemployed",6
"Female","70–74 Years","Te Tai Tonga","Unemployed",3
"Male","75–79 Years","Te Tai Tonga","Unemployed",3
"Female","75–79 Years","Te Tai Tonga","Unemployed",3
"Male","80–84 Years","Te Tai Tonga","Unemployed",0
"Female","80–84 Years","Te Tai Tonga","Unemployed",0
"Male","85 Years And Over","Te Tai Tonga","Unemployed",0
"Female","85 Years And Over","Te Tai Tonga","Unemployed",0
"Male","15–19 Years","Waiariki","Unemployed",687
"Female","15–19 Years","Waiariki","Unemployed",786
"Male","20–24 Years","Waiariki","Unemployed",477
"Female","20–24 Years","Waiariki","Unemployed",606
"Male","25–29 Years","Waiariki","Unemployed",291
"Female","25–29 Years","Waiariki","Unemployed",429
"Male","30–34 Years","Waiariki","Unemployed",216
"Female","30–34 Years","Waiariki","Unemployed",372
"Male","35–39 Years","Waiariki","Unemployed",219
"Female","35–39 Years","Waiariki","Unemployed",348
"Male","40–44 Years","Waiariki","Unemployed",231
"Female","40–44 Years","Waiariki","Unemployed",324
"Male","45–49 Years","Waiariki","Unemployed",204
"Female","45–49 Years","Waiariki","Unemployed",285
"Male","50–54 Years","Waiariki","Unemployed",210
"Female","50–54 Years","Waiariki","Unemployed",216
"Male","55–59 Years","Waiariki","Unemployed",123
"Female","55–59 Years","Waiariki","Unemployed",153
"Male","60–64 Years","Waiariki","Unemployed",90
"Female","60–64 Years","Waiariki","Unemployed",78
"Male","65–69 Years","Waiariki","Unemployed",12
"Female","65–69 Years","Waiariki","Unemployed",9
"Male","70–74 Years","Waiariki","Unemployed",6
"Female","70–74 Years","Waiariki","Unemployed",6
"Male","75–79 Years","Waiariki","Unemployed",0
"Female","75–79 Years","Waiariki","Unemployed",0
"Male","80–84 Years","Waiariki","Unemployed",0
"Female","80–84 Years","Waiariki","Unemployed",0
"Male","85 Years And Over","Waiariki","Unemployed",3
"Female","85 Years And Over","Waiariki","Unemployed",0
"Male","15–19 Years","Area Outside Māori Electorate","Unemployed",NA
"Female","15–19 Years","Area Outside Māori Electorate","Unemployed",NA
"Male","20–24 Years","Area Outside Māori Electorate","Unemployed",NA
"Female","20–24 Years","Area Outside Māori Electorate","Unemployed",NA
"Male","25–29 Years","Area Outside Māori Electorate","Unemployed",NA
"Female","25–29 Years","Area Outside Māori Electorate","Unemployed",NA
"Male","30–34 Years","Area Outside Māori Electorate","Unemployed",NA
"Female","30–34 Years","Area Outside Māori Electorate","Unemployed",NA
"Male","35–39 Years","Area Outside Māori Electorate","Unemployed",NA
"Female","35–39 Years","Area Outside Māori Electorate","Unemployed",NA
"Male","40–44 Years","Area Outside Māori Electorate","Unemployed",NA
"Female","40–44 Years","Area Outside Māori Electorate","Unemployed",NA
"Male","45–49 Years","Area Outside Māori Electorate","Unemployed",NA
"Female","45–49 Years","Area Outside Māori Electorate","Unemployed",NA
"Male","50–54 Years","Area Outside Māori Electorate","Unemployed",NA
"Female","50–54 Years","Area Outside Māori Electorate","Unemployed",NA
"Male","55–59 Years","Area Outside Māori Electorate","Unemployed",NA
"Female","55–59 Years","Area Outside Māori Electorate","Unemployed",NA
"Male","60–64 Years","Area Outside Māori Electorate","Unemployed",NA
"Female","60–64 Years","Area Outside Māori Electorate","Unemployed",NA
"Male","65–69 Years","Area Outside Māori Electorate","Unemployed",NA
"Female","65–69 Years","Area Outside Māori Electorate","Unemployed",NA
"Male","70–74 Years","Area Outside Māori Electorate","Unemployed",NA
"Female","70–74 Years","Area Outside Māori Electorate","Unemployed",NA
"Male","75–79 Years","Area Outside Māori Electorate","Unemployed",NA
"Female","75–79 Years","Area Outside Māori Electorate","Unemployed",NA
"Male","80–84 Years","Area Outside Māori Electorate","Unemployed",NA
"Female","80–84 Years","Area Outside Māori Electorate","Unemployed",NA
"Male","85 Years And Over","Area Outside Māori Electorate","Unemployed",NA
"Female","85 Years And Over","Area Outside Māori Electorate","Unemployed",NA
"Male","15–19 Years","Hauraki-Waikato","Not in Labour Force",2541
"Female","15–19 Years","Hauraki-Waikato","Not in Labour Force",2547
"Male","20–24 Years","Hauraki-Waikato","Not in Labour Force",711
"Female","20–24 Years","Hauraki-Waikato","Not in Labour Force",1455
"Male","25–29 Years","Hauraki-Waikato","Not in Labour Force",423
"Female","25–29 Years","Hauraki-Waikato","Not in Labour Force",1227
"Male","30–34 Years","Hauraki-Waikato","Not in Labour Force",387
"Female","30–34 Years","Hauraki-Waikato","Not in Labour Force",945
"Male","35–39 Years","Hauraki-Waikato","Not in Labour Force",405
"Female","35–39 Years","Hauraki-Waikato","Not in Labour Force",837
"Male","40–44 Years","Hauraki-Waikato","Not in Labour Force",429
"Female","40–44 Years","Hauraki-Waikato","Not in Labour Force",768
"Male","45–49 Years","Hauraki-Waikato","Not in Labour Force",411
"Female","45–49 Years","Hauraki-Waikato","Not in Labour Force",618
"Male","50–54 Years","Hauraki-Waikato","Not in Labour Force",405
"Female","50–54 Years","Hauraki-Waikato","Not in Labour Force",666
"Male","55–59 Years","Hauraki-Waikato","Not in Labour Force",363
"Female","55–59 Years","Hauraki-Waikato","Not in Labour Force",567
"Male","60–64 Years","Hauraki-Waikato","Not in Labour Force",366
"Female","60–64 Years","Hauraki-Waikato","Not in Labour Force",624
"Male","65–69 Years","Hauraki-Waikato","Not in Labour Force",483
"Female","65–69 Years","Hauraki-Waikato","Not in Labour Force",699
"Male","70–74 Years","Hauraki-Waikato","Not in Labour Force",453
"Female","70–74 Years","Hauraki-Waikato","Not in Labour Force",570
"Male","75–79 Years","Hauraki-Waikato","Not in Labour Force",261
"Female","75–79 Years","Hauraki-Waikato","Not in Labour Force",375
"Male","80–84 Years","Hauraki-Waikato","Not in Labour Force",162
"Female","80–84 Years","Hauraki-Waikato","Not in Labour Force",264
"Male","85 Years And Over","Hauraki-Waikato","Not in Labour Force",63
"Female","85 Years And Over","Hauraki-Waikato","Not in Labour Force",147
"Male","15–19 Years","Ikaroa-Rāwhiti","Not in Labour Force",2142
"Female","15–19 Years","Ikaroa-Rāwhiti","Not in Labour Force",2115
"Male","20–24 Years","Ikaroa-Rāwhiti","Not in Labour Force",555
"Female","20–24 Years","Ikaroa-Rāwhiti","Not in Labour Force",1224
"Male","25–29 Years","Ikaroa-Rāwhiti","Not in Labour Force",396
"Female","25–29 Years","Ikaroa-Rāwhiti","Not in Labour Force",1059
"Male","30–34 Years","Ikaroa-Rāwhiti","Not in Labour Force",366
"Female","30–34 Years","Ikaroa-Rāwhiti","Not in Labour Force",831
"Male","35–39 Years","Ikaroa-Rāwhiti","Not in Labour Force",363
"Female","35–39 Years","Ikaroa-Rāwhiti","Not in Labour Force",702
"Male","40–44 Years","Ikaroa-Rāwhiti","Not in Labour Force",384
"Female","40–44 Years","Ikaroa-Rāwhiti","Not in Labour Force",663
"Male","45–49 Years","Ikaroa-Rāwhiti","Not in Labour Force",426
"Female","45–49 Years","Ikaroa-Rāwhiti","Not in Labour Force",564
"Male","50–54 Years","Ikaroa-Rāwhiti","Not in Labour Force",426
"Female","50–54 Years","Ikaroa-Rāwhiti","Not in Labour Force",603
"Male","55–59 Years","Ikaroa-Rāwhiti","Not in Labour Force",396
"Female","55–59 Years","Ikaroa-Rāwhiti","Not in Labour Force",579
"Male","60–64 Years","Ikaroa-Rāwhiti","Not in Labour Force",414
"Female","60–64 Years","Ikaroa-Rāwhiti","Not in Labour Force",588
"Male","65–69 Years","Ikaroa-Rāwhiti","Not in Labour Force",468
"Female","65–69 Years","Ikaroa-Rāwhiti","Not in Labour Force",714
"Male","70–74 Years","Ikaroa-Rāwhiti","Not in Labour Force",468
"Female","70–74 Years","Ikaroa-Rāwhiti","Not in Labour Force",618
"Male","75–79 Years","Ikaroa-Rāwhiti","Not in Labour Force",321
"Female","75–79 Years","Ikaroa-Rāwhiti","Not in Labour Force",462
"Male","80–84 Years","Ikaroa-Rāwhiti","Not in Labour Force",189
"Female","80–84 Years","Ikaroa-Rāwhiti","Not in Labour Force",273
"Male","85 Years And Over","Ikaroa-Rāwhiti","Not in Labour Force",78
"Female","85 Years And Over","Ikaroa-Rāwhiti","Not in Labour Force",174
"Male","15–19 Years","Tāmaki Makaurau","Not in Labour Force",2562
"Female","15–19 Years","Tāmaki Makaurau","Not in Labour Force",2649
"Male","20–24 Years","Tāmaki Makaurau","Not in Labour Force",771
"Female","20–24 Years","Tāmaki Makaurau","Not in Labour Force",1416
"Male","25–29 Years","Tāmaki Makaurau","Not in Labour Force",441
"Female","25–29 Years","Tāmaki Makaurau","Not in Labour Force",1098
"Male","30–34 Years","Tāmaki Makaurau","Not in Labour Force",390
"Female","30–34 Years","Tāmaki Makaurau","Not in Labour Force",972
"Male","35–39 Years","Tāmaki Makaurau","Not in Labour Force",420
"Female","35–39 Years","Tāmaki Makaurau","Not in Labour Force",852
"Male","40–44 Years","Tāmaki Makaurau","Not in Labour Force",441
"Female","40–44 Years","Tāmaki Makaurau","Not in Labour Force",774
"Male","45–49 Years","Tāmaki Makaurau","Not in Labour Force",405
"Female","45–49 Years","Tāmaki Makaurau","Not in Labour Force",648
"Male","50–54 Years","Tāmaki Makaurau","Not in Labour Force",432
"Female","50–54 Years","Tāmaki Makaurau","Not in Labour Force",657
"Male","55–59 Years","Tāmaki Makaurau","Not in Labour Force",333
"Female","55–59 Years","Tāmaki Makaurau","Not in Labour Force",588
"Male","60–64 Years","Tāmaki Makaurau","Not in Labour Force",336
"Female","60–64 Years","Tāmaki Makaurau","Not in Labour Force",561
"Male","65–69 Years","Tāmaki Makaurau","Not in Labour Force",390
"Female","65–69 Years","Tāmaki Makaurau","Not in Labour Force",606
"Male","70–74 Years","Tāmaki Makaurau","Not in Labour Force",390
"Female","70–74 Years","Tāmaki Makaurau","Not in Labour Force",510
"Male","75–79 Years","Tāmaki Makaurau","Not in Labour Force",240
"Female","75–79 Years","Tāmaki Makaurau","Not in Labour Force",357
"Male","80–84 Years","Tāmaki Makaurau","Not in Labour Force",102
"Female","80–84 Years","Tāmaki Makaurau","Not in Labour Force",222
"Male","85 Years And Over","Tāmaki Makaurau","Not in Labour Force",51
"Female","85 Years And Over","Tāmaki Makaurau","Not in Labour Force",141
"Male","15–19 Years","Te Tai Hauāuru","Not in Labour Force",2592
"Female","15–19 Years","Te Tai Hauāuru","Not in Labour Force",2484
"Male","20–24 Years","Te Tai Hauāuru","Not in Labour Force",648
"Female","20–24 Years","Te Tai Hauāuru","Not in Labour Force",1386
"Male","25–29 Years","Te Tai Hauāuru","Not in Labour Force",411
"Female","25–29 Years","Te Tai Hauāuru","Not in Labour Force",1146
"Male","30–34 Years","Te Tai Hauāuru","Not in Labour Force",387
"Female","30–34 Years","Te Tai Hauāuru","Not in Labour Force",924
"Male","35–39 Years","Te Tai Hauāuru","Not in Labour Force",408
"Female","35–39 Years","Te Tai Hauāuru","Not in Labour Force",852
"Male","40–44 Years","Te Tai Hauāuru","Not in Labour Force",444
"Female","40–44 Years","Te Tai Hauāuru","Not in Labour Force",714
"Male","45–49 Years","Te Tai Hauāuru","Not in Labour Force",432
"Female","45–49 Years","Te Tai Hauāuru","Not in Labour Force",597
"Male","50–54 Years","Te Tai Hauāuru","Not in Labour Force",450
"Female","50–54 Years","Te Tai Hauāuru","Not in Labour Force",612
"Male","55–59 Years","Te Tai Hauāuru","Not in Labour Force",399
"Female","55–59 Years","Te Tai Hauāuru","Not in Labour Force",603
"Male","60–64 Years","Te Tai Hauāuru","Not in Labour Force",405
"Female","60–64 Years","Te Tai Hauāuru","Not in Labour Force",669
"Male","65–69 Years","Te Tai Hauāuru","Not in Labour Force",528
"Female","65–69 Years","Te Tai Hauāuru","Not in Labour Force",777
"Male","70–74 Years","Te Tai Hauāuru","Not in Labour Force",579
"Female","70–74 Years","Te Tai Hauāuru","Not in Labour Force",681
"Male","75–79 Years","Te Tai Hauāuru","Not in Labour Force",363
"Female","75–79 Years","Te Tai Hauāuru","Not in Labour Force",516
"Male","80–84 Years","Te Tai Hauāuru","Not in Labour Force",189
"Female","80–84 Years","Te Tai Hauāuru","Not in Labour Force",285
"Male","85 Years And Over","Te Tai Hauāuru","Not in Labour Force",81
"Female","85 Years And Over","Te Tai Hauāuru","Not in Labour Force",177
"Male","15–19 Years","Te Tai Tokerau","Not in Labour Force",2439
"Female","15–19 Years","Te Tai Tokerau","Not in Labour Force",2394
"Male","20–24 Years","Te Tai Tokerau","Not in Labour Force",633
"Female","20–24 Years","Te Tai Tokerau","Not in Labour Force",1230
"Male","25–29 Years","Te Tai Tokerau","Not in Labour Force",387
"Female","25–29 Years","Te Tai Tokerau","Not in Labour Force",1128
"Male","30–34 Years","Te Tai Tokerau","Not in Labour Force",378
"Female","30–34 Years","Te Tai Tokerau","Not in Labour Force",966
"Male","35–39 Years","Te Tai Tokerau","Not in Labour Force",414
"Female","35–39 Years","Te Tai Tokerau","Not in Labour Force",864
"Male","40–44 Years","Te Tai Tokerau","Not in Labour Force",468
"Female","40–44 Years","Te Tai Tokerau","Not in Labour Force",828
"Male","45–49 Years","Te Tai Tokerau","Not in Labour Force",501
"Female","45–49 Years","Te Tai Tokerau","Not in Labour Force",741
"Male","50–54 Years","Te Tai Tokerau","Not in Labour Force",537
"Female","50–54 Years","Te Tai Tokerau","Not in Labour Force",741
"Male","55–59 Years","Te Tai Tokerau","Not in Labour Force",462
"Female","55–59 Years","Te Tai Tokerau","Not in Labour Force",717
"Male","60–64 Years","Te Tai Tokerau","Not in Labour Force",420
"Female","60–64 Years","Te Tai Tokerau","Not in Labour Force",726
"Male","65–69 Years","Te Tai Tokerau","Not in Labour Force",582
"Female","65–69 Years","Te Tai Tokerau","Not in Labour Force",858
"Male","70–74 Years","Te Tai Tokerau","Not in Labour Force",555
"Female","70–74 Years","Te Tai Tokerau","Not in Labour Force",759
"Male","75–79 Years","Te Tai Tokerau","Not in Labour Force",369
"Female","75–79 Years","Te Tai Tokerau","Not in Labour Force",567
"Male","80–84 Years","Te Tai Tokerau","Not in Labour Force",228
"Female","80–84 Years","Te Tai Tokerau","Not in Labour Force",342
"Male","85 Years And Over","Te Tai Tokerau","Not in Labour Force",105
"Female","85 Years And Over","Te Tai Tokerau","Not in Labour Force",219
"Male","15–19 Years","Te Tai Tonga","Not in Labour Force",2988
"Female","15–19 Years","Te Tai Tonga","Not in Labour Force",2769
"Male","20–24 Years","Te Tai Tonga","Not in Labour Force",963
"Female","20–24 Years","Te Tai Tonga","Not in Labour Force",1572
"Male","25–29 Years","Te Tai Tonga","Not in Labour Force",447
"Female","25–29 Years","Te Tai Tonga","Not in Labour Force",1149
"Male","30–34 Years","Te Tai Tonga","Not in Labour Force",399
"Female","30–34 Years","Te Tai Tonga","Not in Labour Force",1080
"Male","35–39 Years","Te Tai Tonga","Not in Labour Force",390
"Female","35–39 Years","Te Tai Tonga","Not in Labour Force",912
"Male","40–44 Years","Te Tai Tonga","Not in Labour Force",426
"Female","40–44 Years","Te Tai Tonga","Not in Labour Force",819
"Male","45–49 Years","Te Tai Tonga","Not in Labour Force",456
"Female","45–49 Years","Te Tai Tonga","Not in Labour Force",675
"Male","50–54 Years","Te Tai Tonga","Not in Labour Force",423
"Female","50–54 Years","Te Tai Tonga","Not in Labour Force",600
"Male","55–59 Years","Te Tai Tonga","Not in Labour Force",411
"Female","55–59 Years","Te Tai Tonga","Not in Labour Force",549
"Male","60–64 Years","Te Tai Tonga","Not in Labour Force",381
"Female","60–64 Years","Te Tai Tonga","Not in Labour Force",609
"Male","65–69 Years","Te Tai Tonga","Not in Labour Force",591
"Female","65–69 Years","Te Tai Tonga","Not in Labour Force",726
"Male","70–74 Years","Te Tai Tonga","Not in Labour Force",636
"Female","70–74 Years","Te Tai Tonga","Not in Labour Force",678
"Male","75–79 Years","Te Tai Tonga","Not in Labour Force",366
"Female","75–79 Years","Te Tai Tonga","Not in Labour Force",453
"Male","80–84 Years","Te Tai Tonga","Not in Labour Force",210
"Female","80–84 Years","Te Tai Tonga","Not in Labour Force",297
"Male","85 Years And Over","Te Tai Tonga","Not in Labour Force",108
"Female","85 Years And Over","Te Tai Tonga","Not in Labour Force",198
"Male","15–19 Years","Waiariki","Not in Labour Force",2070
"Female","15–19 Years","Waiariki","Not in Labour Force",1959
"Male","20–24 Years","Waiariki","Not in Labour Force",504
"Female","20–24 Years","Waiariki","Not in Labour Force",1125
"Male","25–29 Years","Waiariki","Not in Labour Force",366
"Female","25–29 Years","Waiariki","Not in Labour Force",999
"Male","30–34 Years","Waiariki","Not in Labour Force",348
"Female","30–34 Years","Waiariki","Not in Labour Force",804
"Male","35–39 Years","Waiariki","Not in Labour Force",378
"Female","35–39 Years","Waiariki","Not in Labour Force",720
"Male","40–44 Years","Waiariki","Not in Labour Force",366
"Female","40–44 Years","Waiariki","Not in Labour Force",612
"Male","45–49 Years","Waiariki","Not in Labour Force",378
"Female","45–49 Years","Waiariki","Not in Labour Force",558
"Male","50–54 Years","Waiariki","Not in Labour Force",399
"Female","50–54 Years","Waiariki","Not in Labour Force",567
"Male","55–59 Years","Waiariki","Not in Labour Force",333
"Female","55–59 Years","Waiariki","Not in Labour Force",579
"Male","60–64 Years","Waiariki","Not in Labour Force",414
"Female","60–64 Years","Waiariki","Not in Labour Force",612
"Male","65–69 Years","Waiariki","Not in Labour Force",546
"Female","65–69 Years","Waiariki","Not in Labour Force",714
"Male","70–74 Years","Waiariki","Not in Labour Force",531
"Female","70–74 Years","Waiariki","Not in Labour Force",696
"Male","75–79 Years","Waiariki","Not in Labour Force",384
"Female","75–79 Years","Waiariki","Not in Labour Force",483
"Male","80–84 Years","Waiariki","Not in Labour Force",177
"Female","80–84 Years","Waiariki","Not in Labour Force",333
"Male","85 Years And Over","Waiariki","Not in Labour Force",90
"Female","85 Years And Over","Waiariki","Not in Labour Force",180
"Male","15–19 Years","Area Outside Māori Electorate","Not in Labour Force",NA
"Female","15–19 Years","Area Outside Māori Electorate","Not in Labour Force",NA
"Male","20–24 Years","Area Outside Māori Electorate","Not in Labour Force",NA
"Female","20–24 Years","Area Outside Māori Electorate","Not in Labour Force",NA
"Male","25–29 Years","Area Outside Māori Electorate","Not in Labour Force",NA
"Female","25–29 Years","Area Outside Māori Electorate","Not in Labour Force",NA
"Male","30–34 Years","Area Outside Māori Electorate","Not in Labour Force",NA
"Female","30–34 Years","Area Outside Māori Electorate","Not in Labour Force",NA
"Male","35–39 Years","Area Outside Māori Electorate","Not in Labour Force",NA
"Female","35–39 Years","Area Outside Māori Electorate","Not in Labour Force",NA
"Male","40–44 Years","Area Outside Māori Electorate","Not in Labour Force",NA
"Female","40–44 Years","Area Outside Māori Electorate","Not in Labour Force",NA
"Male","45–49 Years","Area Outside Māori Electorate","Not in Labour Force",NA
"Female","45–49 Years","Area Outside Māori Electorate","Not in Labour Force",NA
"Male","50–54 Years","Area Outside Māori Electorate","Not in Labour Force",NA
"Female","50–54 Years","Area Outside Māori Electorate","Not in Labour Force",NA
"Male","55–59 Years","Area Outside Māori Electorate","Not in Labour Force",NA
"Female","55–59 Years","Area Outside Māori Electorate","Not in Labour Force",NA
"Male","60–64 Years","Area Outside Māori Electorate","Not in Labour Force",NA
"Female","60–64 Years","Area Outside Māori Electorate","Not in Labour Force",NA
"Male","65–69 Years","Area Outside Māori Electorate","Not in Labour Force",NA
"Female","65–69 Years","Area Outside Māori Electorate","Not in Labour Force",NA
"Male","70–74 Years","Area Outside Māori Electorate","Not in Labour Force",NA
"Female","70–74 Years","Area Outside Māori Electorate","Not in Labour Force",NA
"Male","75–79 Years","Area Outside Māori Electorate","Not in Labour Force",NA
"Female","75–79 Years","Area Outside Māori Electorate","Not in Labour Force",NA
"Male","80–84 Years","Area Outside Māori Electorate","Not in Labour Force",NA
"Female","80–84 Years","Area Outside Māori Electorate","Not in Labour Force",NA
"Male","85 Years And Over","Area Outside Māori Electorate","Not in Labour Force",NA
"Female","85 Years And Over","Area Outside Māori Electorate","Not in Labour Force",NA
"Male","15–19 Years","Hauraki-Waikato","Work and Labour Force Status Unidentifiable",0
"Female","15–19 Years","Hauraki-Waikato","Work and Labour Force Status Unidentifiable",0
"Male","20–24 Years","Hauraki-Waikato","Work and Labour Force Status Unidentifiable",0
"Female","20–24 Years","Hauraki-Waikato","Work and Labour Force Status Unidentifiable",0
"Male","25–29 Years","Hauraki-Waikato","Work and Labour Force Status Unidentifiable",0
"Female","25–29 Years","Hauraki-Waikato","Work and Labour Force Status Unidentifiable",0
"Male","30–34 Years","Hauraki-Waikato","Work and Labour Force Status Unidentifiable",0
"Female","30–34 Years","Hauraki-Waikato","Work and Labour Force Status Unidentifiable",0
"Male","35–39 Years","Hauraki-Waikato","Work and Labour Force Status Unidentifiable",0
"Female","35–39 Years","Hauraki-Waikato","Work and Labour Force Status Unidentifiable",0
"Male","40–44 Years","Hauraki-Waikato","Work and Labour Force Status Unidentifiable",0
"Female","40–44 Years","Hauraki-Waikato","Work and Labour Force Status Unidentifiable",0
"Male","45–49 Years","Hauraki-Waikato","Work and Labour Force Status Unidentifiable",0
"Female","45–49 Years","Hauraki-Waikato","Work and Labour Force Status Unidentifiable",0
"Male","50–54 Years","Hauraki-Waikato","Work and Labour Force Status Unidentifiable",0
"Female","50–54 Years","Hauraki-Waikato","Work and Labour Force Status Unidentifiable",0
"Male","55–59 Years","Hauraki-Waikato","Work and Labour Force Status Unidentifiable",0
"Female","55–59 Years","Hauraki-Waikato","Work and Labour Force Status Unidentifiable",0
"Male","60–64 Years","Hauraki-Waikato","Work and Labour Force Status Unidentifiable",0
"Female","60–64 Years","Hauraki-Waikato","Work and Labour Force Status Unidentifiable",0
"Male","65–69 Years","Hauraki-Waikato","Work and Labour Force Status Unidentifiable",0
"Female","65–69 Years","Hauraki-Waikato","Work and Labour Force Status Unidentifiable",0
"Male","70–74 Years","Hauraki-Waikato","Work and Labour Force Status Unidentifiable",0
"Female","70–74 Years","Hauraki-Waikato","Work and Labour Force Status Unidentifiable",0
"Male","75–79 Years","Hauraki-Waikato","Work and Labour Force Status Unidentifiable",0
"Female","75–79 Years","Hauraki-Waikato","Work and Labour Force Status Unidentifiable",0
"Male","80–84 Years","Hauraki-Waikato","Work and Labour Force Status Unidentifiable",0
"Female","80–84 Years","Hauraki-Waikato","Work and Labour Force Status Unidentifiable",0
"Male","85 Years And Over","Hauraki-Waikato","Work and Labour Force Status Unidentifiable",0
"Female","85 Years And Over","Hauraki-Waikato","Work and Labour Force Status Unidentifiable",0
"Male","15–19 Years","Ikaroa-Rāwhiti","Work and Labour Force Status Unidentifiable",0
"Female","15–19 Years","Ikaroa-Rāwhiti","Work and Labour Force Status Unidentifiable",0
"Male","20–24 Years","Ikaroa-Rāwhiti","Work and Labour Force Status Unidentifiable",0
"Female","20–24 Years","Ikaroa-Rāwhiti","Work and Labour Force Status Unidentifiable",0
"Male","25–29 Years","Ikaroa-Rāwhiti","Work and Labour Force Status Unidentifiable",0
"Female","25–29 Years","Ikaroa-Rāwhiti","Work and Labour Force Status Unidentifiable",0
"Male","30–34 Years","Ikaroa-Rāwhiti","Work and Labour Force Status Unidentifiable",0
"Female","30–34 Years","Ikaroa-Rāwhiti","Work and Labour Force Status Unidentifiable",0
"Male","35–39 Years","Ikaroa-Rāwhiti","Work and Labour Force Status Unidentifiable",0
"Female","35–39 Years","Ikaroa-Rāwhiti","Work and Labour Force Status Unidentifiable",0
"Male","40–44 Years","Ikaroa-Rāwhiti","Work and Labour Force Status Unidentifiable",0
"Female","40–44 Years","Ikaroa-Rāwhiti","Work and Labour Force Status Unidentifiable",0
"Male","45–49 Years","Ikaroa-Rāwhiti","Work and Labour Force Status Unidentifiable",0
"Female","45–49 Years","Ikaroa-Rāwhiti","Work and Labour Force Status Unidentifiable",0
"Male","50–54 Years","Ikaroa-Rāwhiti","Work and Labour Force Status Unidentifiable",0
"Female","50–54 Years","Ikaroa-Rāwhiti","Work and Labour Force Status Unidentifiable",0
"Male","55–59 Years","Ikaroa-Rāwhiti","Work and Labour Force Status Unidentifiable",0
"Female","55–59 Years","Ikaroa-Rāwhiti","Work and Labour Force Status Unidentifiable",0
"Male","60–64 Years","Ikaroa-Rāwhiti","Work and Labour Force Status Unidentifiable",0
"Female","60–64 Years","Ikaroa-Rāwhiti","Work and Labour Force Status Unidentifiable",0
"Male","65–69 Years","Ikaroa-Rāwhiti","Work and Labour Force Status Unidentifiable",0
"Female","65–69 Years","Ikaroa-Rāwhiti","Work and Labour Force Status Unidentifiable",0
"Male","70–74 Years","Ikaroa-Rāwhiti","Work and Labour Force Status Unidentifiable",0
"Female","70–74 Years","Ikaroa-Rāwhiti","Work and Labour Force Status Unidentifiable",0
"Male","75–79 Years","Ikaroa-Rāwhiti","Work and Labour Force Status Unidentifiable",0
"Female","75–79 Years","Ikaroa-Rāwhiti","Work and Labour Force Status Unidentifiable",0
"Male","80–84 Years","Ikaroa-Rāwhiti","Work and Labour Force Status Unidentifiable",0
"Female","80–84 Years","Ikaroa-Rāwhiti","Work and Labour Force Status Unidentifiable",0
"Male","85 Years And Over","Ikaroa-Rāwhiti","Work and Labour Force Status Unidentifiable",0
"Female","85 Years And Over","Ikaroa-Rāwhiti","Work and Labour Force Status Unidentifiable",0
"Male","15–19 Years","Tāmaki Makaurau","Work and Labour Force Status Unidentifiable",0
"Female","15–19 Years","Tāmaki Makaurau","Work and Labour Force Status Unidentifiable",0
"Male","20–24 Years","Tāmaki Makaurau","Work and Labour Force Status Unidentifiable",0
"Female","20–24 Years","Tāmaki Makaurau","Work and Labour Force Status Unidentifiable",0
"Male","25–29 Years","Tāmaki Makaurau","Work and Labour Force Status Unidentifiable",0
"Female","25–29 Years","Tāmaki Makaurau","Work and Labour Force Status Unidentifiable",0
"Male","30–34 Years","Tāmaki Makaurau","Work and Labour Force Status Unidentifiable",0
"Female","30–34 Years","Tāmaki Makaurau","Work and Labour Force Status Unidentifiable",0
"Male","35–39 Years","Tāmaki Makaurau","Work and Labour Force Status Unidentifiable",0
"Female","35–39 Years","Tāmaki Makaurau","Work and Labour Force Status Unidentifiable",0
"Male","40–44 Years","Tāmaki Makaurau","Work and Labour Force Status Unidentifiable",0
"Female","40–44 Years","Tāmaki Makaurau","Work and Labour Force Status Unidentifiable",0
"Male","45–49 Years","Tāmaki Makaurau","Work and Labour Force Status Unidentifiable",0
"Female","45–49 Years","Tāmaki Makaurau","Work and Labour Force Status Unidentifiable",0
"Male","50–54 Years","Tāmaki Makaurau","Work and Labour Force Status Unidentifiable",0
"Female","50–54 Years","Tāmaki Makaurau","Work and Labour Force Status Unidentifiable",0
"Male","55–59 Years","Tāmaki Makaurau","Work and Labour Force Status Unidentifiable",0
"Female","55–59 Years","Tāmaki Makaurau","Work and Labour Force Status Unidentifiable",0
"Male","60–64 Years","Tāmaki Makaurau","Work and Labour Force Status Unidentifiable",0
"Female","60–64 Years","Tāmaki Makaurau","Work and Labour Force Status Unidentifiable",0
"Male","65–69 Years","Tāmaki Makaurau","Work and Labour Force Status Unidentifiable",0
"Female","65–69 Years","Tāmaki Makaurau","Work and Labour Force Status Unidentifiable",0
"Male","70–74 Years","Tāmaki Makaurau","Work and Labour Force Status Unidentifiable",0
"Female","70–74 Years","Tāmaki Makaurau","Work and Labour Force Status Unidentifiable",0
"Male","75–79 Years","Tāmaki Makaurau","Work and Labour Force Status Unidentifiable",0
"Female","75–79 Years","Tāmaki Makaurau","Work and Labour Force Status Unidentifiable",0
"Male","80–84 Years","Tāmaki Makaurau","Work and Labour Force Status Unidentifiable",0
"Female","80–84 Years","Tāmaki Makaurau","Work and Labour Force Status Unidentifiable",0
"Male","85 Years And Over","Tāmaki Makaurau","Work and Labour Force Status Unidentifiable",0
"Female","85 Years And Over","Tāmaki Makaurau","Work and Labour Force Status Unidentifiable",0
"Male","15–19 Years","Te Tai Hauāuru","Work and Labour Force Status Unidentifiable",0
"Female","15–19 Years","Te Tai Hauāuru","Work and Labour Force Status Unidentifiable",0
"Male","20–24 Years","Te Tai Hauāuru","Work and Labour Force Status Unidentifiable",0
"Female","20–24 Years","Te Tai Hauāuru","Work and Labour Force Status Unidentifiable",0
"Male","25–29 Years","Te Tai Hauāuru","Work and Labour Force Status Unidentifiable",0
"Female","25–29 Years","Te Tai Hauāuru","Work and Labour Force Status Unidentifiable",0
"Male","30–34 Years","Te Tai Hauāuru","Work and Labour Force Status Unidentifiable",0
"Female","30–34 Years","Te Tai Hauāuru","Work and Labour Force Status Unidentifiable",0
"Male","35–39 Years","Te Tai Hauāuru","Work and Labour Force Status Unidentifiable",0
"Female","35–39 Years","Te Tai Hauāuru","Work and Labour Force Status Unidentifiable",0
"Male","40–44 Years","Te Tai Hauāuru","Work and Labour Force Status Unidentifiable",0
"Female","40–44 Years","Te Tai Hauāuru","Work and Labour Force Status Unidentifiable",0
"Male","45–49 Years","Te Tai Hauāuru","Work and Labour Force Status Unidentifiable",0
"Female","45–49 Years","Te Tai Hauāuru","Work and Labour Force Status Unidentifiable",0
"Male","50–54 Years","Te Tai Hauāuru","Work and Labour Force Status Unidentifiable",0
"Female","50–54 Years","Te Tai Hauāuru","Work and Labour Force Status Unidentifiable",0
"Male","55–59 Years","Te Tai Hauāuru","Work and Labour Force Status Unidentifiable",0
"Female","55–59 Years","Te Tai Hauāuru","Work and Labour Force Status Unidentifiable",0
"Male","60–64 Years","Te Tai Hauāuru","Work and Labour Force Status Unidentifiable",0
"Female","60–64 Years","Te Tai Hauāuru","Work and Labour Force Status Unidentifiable",0
"Male","65–69 Years","Te Tai Hauāuru","Work and Labour Force Status Unidentifiable",0
"Female","65–69 Years","Te Tai Hauāuru","Work and Labour Force Status Unidentifiable",0
"Male","70–74 Years","Te Tai Hauāuru","Work and Labour Force Status Unidentifiable",0
"Female","70–74 Years","Te Tai Hauāuru","Work and Labour Force Status Unidentifiable",0
"Male","75–79 Years","Te Tai Hauāuru","Work and Labour Force Status Unidentifiable",0
"Female","75–79 Years","Te Tai Hauāuru","Work and Labour Force Status Unidentifiable",0
"Male","80–84 Years","Te Tai Hauāuru","Work and Labour Force Status Unidentifiable",0
"Female","80–84 Years","Te Tai Hauāuru","Work and Labour Force Status Unidentifiable",0
"Male","85 Years And Over","Te Tai Hauāuru","Work and Labour Force Status Unidentifiable",0
"Female","85 Years And Over","Te Tai Hauāuru","Work and Labour Force Status Unidentifiable",0
"Male","15–19 Years","Te Tai Tokerau","Work and Labour Force Status Unidentifiable",0
"Female","15–19 Years","Te Tai Tokerau","Work and Labour Force Status Unidentifiable",0
"Male","20–24 Years","Te Tai Tokerau","Work and Labour Force Status Unidentifiable",0
"Female","20–24 Years","Te Tai Tokerau","Work and Labour Force Status Unidentifiable",0
"Male","25–29 Years","Te Tai Tokerau","Work and Labour Force Status Unidentifiable",0
"Female","25–29 Years","Te Tai Tokerau","Work and Labour Force Status Unidentifiable",0
"Male","30–34 Years","Te Tai Tokerau","Work and Labour Force Status Unidentifiable",0
"Female","30–34 Years","Te Tai Tokerau","Work and Labour Force Status Unidentifiable",0
"Male","35–39 Years","Te Tai Tokerau","Work and Labour Force Status Unidentifiable",0
"Female","35–39 Years","Te Tai Tokerau","Work and Labour Force Status Unidentifiable",0
"Male","40–44 Years","Te Tai Tokerau","Work and Labour Force Status Unidentifiable",0
"Female","40–44 Years","Te Tai Tokerau","Work and Labour Force Status Unidentifiable",0
"Male","45–49 Years","Te Tai Tokerau","Work and Labour Force Status Unidentifiable",0
"Female","45–49 Years","Te Tai Tokerau","Work and Labour Force Status Unidentifiable",0
"Male","50–54 Years","Te Tai Tokerau","Work and Labour Force Status Unidentifiable",0
"Female","50–54 Years","Te Tai Tokerau","Work and Labour Force Status Unidentifiable",0
"Male","55–59 Years","Te Tai Tokerau","Work and Labour Force Status Unidentifiable",0
"Female","55–59 Years","Te Tai Tokerau","Work and Labour Force Status Unidentifiable",0
"Male","60–64 Years","Te Tai Tokerau","Work and Labour Force Status Unidentifiable",0
"Female","60–64 Years","Te Tai Tokerau","Work and Labour Force Status Unidentifiable",0
"Male","65–69 Years","Te Tai Tokerau","Work and Labour Force Status Unidentifiable",0
"Female","65–69 Years","Te Tai Tokerau","Work and Labour Force Status Unidentifiable",0
"Male","70–74 Years","Te Tai Tokerau","Work and Labour Force Status Unidentifiable",0
"Female","70–74 Years","Te Tai Tokerau","Work and Labour Force Status Unidentifiable",0
"Male","75–79 Years","Te Tai Tokerau","Work and Labour Force Status Unidentifiable",0
"Female","75–79 Years","Te Tai Tokerau","Work and Labour Force Status Unidentifiable",0
"Male","80–84 Years","Te Tai Tokerau","Work and Labour Force Status Unidentifiable",0
"Female","80–84 Years","Te Tai Tokerau","Work and Labour Force Status Unidentifiable",0
"Male","85 Years And Over","Te Tai Tokerau","Work and Labour Force Status Unidentifiable",0
"Female","85 Years And Over","Te Tai Tokerau","Work and Labour Force Status Unidentifiable",0
"Male","15–19 Years","Te Tai Tonga","Work and Labour Force Status Unidentifiable",0
"Female","15–19 Years","Te Tai Tonga","Work and Labour Force Status Unidentifiable",0
"Male","20–24 Years","Te Tai Tonga","Work and Labour Force Status Unidentifiable",0
"Female","20–24 Years","Te Tai Tonga","Work and Labour Force Status Unidentifiable",0
"Male","25–29 Years","Te Tai Tonga","Work and Labour Force Status Unidentifiable",0
"Female","25–29 Years","Te Tai Tonga","Work and Labour Force Status Unidentifiable",0
"Male","30–34 Years","Te Tai Tonga","Work and Labour Force Status Unidentifiable",0
"Female","30–34 Years","Te Tai Tonga","Work and Labour Force Status Unidentifiable",0
"Male","35–39 Years","Te Tai Tonga","Work and Labour Force Status Unidentifiable",0
"Female","35–39 Years","Te Tai Tonga","Work and Labour Force Status Unidentifiable",0
"Male","40–44 Years","Te Tai Tonga","Work and Labour Force Status Unidentifiable",0
"Female","40–44 Years","Te Tai Tonga","Work and Labour Force Status Unidentifiable",0
"Male","45–49 Years","Te Tai Tonga","Work and Labour Force Status Unidentifiable",0
"Female","45–49 Years","Te Tai Tonga","Work and Labour Force Status Unidentifiable",0
"Male","50–54 Years","Te Tai Tonga","Work and Labour Force Status Unidentifiable",0
"Female","50–54 Years","Te Tai Tonga","Work and Labour Force Status Unidentifiable",0
"Male","55–59 Years","Te Tai Tonga","Work and Labour Force Status Unidentifiable",0
"Female","55–59 Years","Te Tai Tonga","Work and Labour Force Status Unidentifiable",0
"Male","60–64 Years","Te Tai Tonga","Work and Labour Force Status Unidentifiable",0
"Female","60–64 Years","Te Tai Tonga","Work and Labour Force Status Unidentifiable",0
"Male","65–69 Years","Te Tai Tonga","Work and Labour Force Status Unidentifiable",0
"Female","65–69 Years","Te Tai Tonga","Work and Labour Force Status Unidentifiable",0
"Male","70–74 Years","Te Tai Tonga","Work and Labour Force Status Unidentifiable",0
"Female","70–74 Years","Te Tai Tonga","Work and Labour Force Status Unidentifiable",0
"Male","75–79 Years","Te Tai Tonga","Work and Labour Force Status Unidentifiable",0
"Female","75–79 Years","Te Tai Tonga","Work and Labour Force Status Unidentifiable",0
"Male","80–84 Years","Te Tai Tonga","Work and Labour Force Status Unidentifiable",0
"Female","80–84 Years","Te Tai Tonga","Work and Labour Force Status Unidentifiable",0
"Male","85 Years And Over","Te Tai Tonga","Work and Labour Force Status Unidentifiable",0
"Female","85 Years And Over","Te Tai Tonga","Work and Labour Force Status Unidentifiable",0
"Male","15–19 Years","Waiariki","Work and Labour Force Status Unidentifiable",0
"Female","15–19 Years","Waiariki","Work and Labour Force Status Unidentifiable",0
"Male","20–24 Years","Waiariki","Work and Labour Force Status Unidentifiable",0
"Female","20–24 Years","Waiariki","Work and Labour Force Status Unidentifiable",0
"Male","25–29 Years","Waiariki","Work and Labour Force Status Unidentifiable",0
"Female","25–29 Years","Waiariki","Work and Labour Force Status Unidentifiable",0
"Male","30–34 Years","Waiariki","Work and Labour Force Status Unidentifiable",0
"Female","30–34 Years","Waiariki","Work and Labour Force Status Unidentifiable",0
"Male","35–39 Years","Waiariki","Work and Labour Force Status Unidentifiable",0
"Female","35–39 Years","Waiariki","Work and Labour Force Status Unidentifiable",0
"Male","40–44 Years","Waiariki","Work and Labour Force Status Unidentifiable",0
"Female","40–44 Years","Waiariki","Work and Labour Force Status Unidentifiable",0
"Male","45–49 Years","Waiariki","Work and Labour Force Status Unidentifiable",0
"Female","45–49 Years","Waiariki","Work and Labour Force Status Unidentifiable",0
"Male","50–54 Years","Waiariki","Work and Labour Force Status Unidentifiable",0
"Female","50–54 Years","Waiariki","Work and Labour Force Status Unidentifiable",0
"Male","55–59 Years","Waiariki","Work and Labour Force Status Unidentifiable",0
"Female","55–59 Years","Waiariki","Work and Labour Force Status Unidentifiable",0
"Male","60–64 Years","Waiariki","Work and Labour Force Status Unidentifiable",0
"Female","60–64 Years","Waiariki","Work and Labour Force Status Unidentifiable",0
"Male","65–69 Years","Waiariki","Work and Labour Force Status Unidentifiable",0
"Female","65–69 Years","Waiariki","Work and Labour Force Status Unidentifiable",0
"Male","70–74 Years","Waiariki","Work and Labour Force Status Unidentifiable",0
"Female","70–74 Years","Waiariki","Work and Labour Force Status Unidentifiable",0
"Male","75–79 Years","Waiariki","Work and Labour Force Status Unidentifiable",0
"Female","75–79 Years","Waiariki","Work and Labour Force Status Unidentifiable",0
"Male","80–84 Years","Waiariki","Work and Labour Force Status Unidentifiable",0
"Female","80–84 Years","Waiariki","Work and Labour Force Status Unidentifiable",0
"Male","85 Years And Over","Waiariki","Work and Labour Force Status Unidentifiable",0
"Female","85 Years And Over","Waiariki","Work and Labour Force Status Unidentifiable",0
"Male","15–19 Years","Area Outside Māori Electorate","Work and Labour Force Status Unidentifiable",NA
"Female","15–19 Years","Area Outside Māori Electorate","Work and Labour Force Status Unidentifiable",NA
"Male","20–24 Years","Area Outside Māori Electorate","Work and Labour Force Status Unidentifiable",NA
"Female","20–24 Years","Area Outside Māori Electorate","Work and Labour Force Status Unidentifiable",NA
"Male","25–29 Years","Area Outside Māori Electorate","Work and Labour Force Status Unidentifiable",NA
"Female","25–29 Years","Area Outside Māori Electorate","Work and Labour Force Status Unidentifiable",NA
"Male","30–34 Years","Area Outside Māori Electorate","Work and Labour Force Status Unidentifiable",NA
"Female","30–34 Years","Area Outside Māori Electorate","Work and Labour Force Status Unidentifiable",NA
"Male","35–39 Years","Area Outside Māori Electorate","Work and Labour Force Status Unidentifiable",NA
"Female","35–39 Years","Area Outside Māori Electorate","Work and Labour Force Status Unidentifiable",NA
"Male","40–44 Years","Area Outside Māori Electorate","Work and Labour Force Status Unidentifiable",NA
"Female","40–44 Years","Area Outside Māori Electorate","Work and Labour Force Status Unidentifiable",NA
"Male","45–49 Years","Area Outside Māori Electorate","Work and Labour Force Status Unidentifiable",NA
"Female","45–49 Years","Area Outside Māori Electorate","Work and Labour Force Status Unidentifiable",NA
"Male","50–54 Years","Area Outside Māori Electorate","Work and Labour Force Status Unidentifiable",NA
"Female","50–54 Years","Area Outside Māori Electorate","Work and Labour Force Status Unidentifiable",NA
"Male","55–59 Years","Area Outside Māori Electorate","Work and Labour Force Status Unidentifiable",NA
"Female","55–59 Years","Area Outside Māori Electorate","Work and Labour Force Status Unidentifiable",NA
"Male","60–64 Years","Area Outside Māori Electorate","Work and Labour Force Status Unidentifiable",NA
"Female","60–64 Years","Area Outside Māori Electorate","Work and Labour Force Status Unidentifiable",NA
"Male","65–69 Years","Area Outside Māori Electorate","Work and Labour Force Status Unidentifiable",NA
"Female","65–69 Years","Area Outside Māori Electorate","Work and Labour Force Status Unidentifiable",NA
"Male","70–74 Years","Area Outside Māori Electorate","Work and Labour Force Status Unidentifiable",NA
"Female","70–74 Years","Area Outside Māori Electorate","Work and Labour Force Status Unidentifiable",NA
"Male","75–79 Years","Area Outside Māori Electorate","Work and Labour Force Status Unidentifiable",NA
"Female","75–79 Years","Area Outside Māori Electorate","Work and Labour Force Status Unidentifiable",NA
"Male","80–84 Years","Area Outside Māori Electorate","Work and Labour Force Status Unidentifiable",NA
"Female","80–84 Years","Area Outside Māori Electorate","Work and Labour Force Status Unidentifiable",NA
"Male","85 Years And Over","Area Outside Māori Electorate","Work and Labour Force Status Unidentifiable",NA
"Female","85 Years And Over","Area Outside Māori Electorate","Work and Labour Force Status Unidentifiable",NA
